split_a,file_a,label_a,source_a,split_b,file_b,label_b,source_b,distance,ncc,different_person,likely_copy
test,surprise/ckplus_7edfa2bfd7e85995.png,surprise,ckplus,train,surprise/ckplus_6cae1ef311be2730.png,surprise,ckplus,0,0.778,True,False
test,happy/ckplus_0d0226fdcd34fbb1.png,happy,ckplus,train,happy/ckplus_3e0213aa7874622a.png,happy,ckplus,1,0.874,True,False
test,surprise/ckplus_7edfa2bfd7e85995.png,surprise,ckplus,train,surprise/ckplus_4e0661b4d01ea472.png,surprise,ckplus,1,0.75,True,False
test,surprise/ckplus_95e95f936e0a9258.png,surprise,ckplus,train,surprise/ckplus_6cae1ef311be2730.png,surprise,ckplus,1,0.798,True,False
test,surprise/ckplus_f2abf14d0a7bc52b.png,surprise,ckplus,train,surprise/ckplus_6cae1ef311be2730.png,surprise,ckplus,1,0.794,True,False
val,happy/ckplus_860b10e06ee5debf.png,happy,ckplus,train,disgust/ckplus_c9fbf8c55301d052.png,disgust,ckplus,1,0.834,True,False
val,happy/ckplus_9a65de6796bdada9.png,happy,ckplus,train,disgust/ckplus_c9fbf8c55301d052.png,disgust,ckplus,1,0.839,True,False
test,angry/ckplus_dddb6d868d6c942b.png,angry,ckplus,train,fear/affectnet_1bf7b33c548b1c44.png,fear,affectnet,2,0.617,False,False
test,disgust/affectnet_318f483354cb5b56.png,disgust,affectnet,train,fear/local_d2e48cb9940ac11a.png,fear,local,2,0.741,False,False
test,disgust/ckplus_681e63eb592248a9.png,disgust,ckplus,train,sad/ckplus_2465707da82fd464.png,sad,ckplus,2,0.859,True,False
test,disgust/ckplus_c8d86d1494bb383b.png,disgust,ckplus,train,neutral/local_d57aa55a6b99abfb.png,neutral,local,2,0.757,False,False
test,happy/ckplus_0d0226fdcd34fbb1.png,happy,ckplus,train,happy/ckplus_07085b7a4e942d37.png,happy,ckplus,2,0.878,True,False
test,happy/ckplus_0d0226fdcd34fbb1.png,happy,ckplus,train,happy/ckplus_a295b593c304abb0.png,happy,ckplus,2,0.876,True,False
test,happy/ckplus_5bc453244c9dbd69.png,happy,ckplus,train,happy/ckplus_3e0213aa7874622a.png,happy,ckplus,2,0.867,True,False
test,happy/ckplus_dba638fd49034662.png,happy,ckplus,train,happy/ckplus_3e0213aa7874622a.png,happy,ckplus,2,0.862,True,False
test,happy/rafdb_458d02cedd7a3058.png,happy,rafdb,train,fear/rafdb_3f5824e5ed646a3f.png,fear,rafdb,2,0.626,False,False
test,happy/rafdb_458d02cedd7a3058.png,happy,rafdb,val,sad/rafdb_e9a64694444c6a5d.png,sad,rafdb,2,0.676,False,False
test,happy/rafdb_9ff443a4c12a890c.png,happy,rafdb,train,happy/aug_rafdb_d646f51a8b7a75ba.png,happy,augmented,2,0.784,False,False
test,neutral/local_9d243130bf221370.png,neutral,local,train,happy/rafdb_b1353113ef88edff.png,happy,rafdb,2,0.76,False,False
test,neutral/rafdb_f3ba6f4f7ae5cc68.png,neutral,rafdb,train,neutral/local_d2e61d3ddfa03a55.png,neutral,local,2,0.82,False,False
test,sad/ckplus_190344838efd85a1.png,sad,ckplus,train,angry/ckplus_6d4de3581c035390.png,angry,ckplus,2,0.892,True,False
test,sad/rafdb_49ced48401a3c601.png,sad,rafdb,train,sad/local_33f515b0a4c397e1.png,sad,local,2,0.649,False,False
test,surprise/ckplus_95e95f936e0a9258.png,surprise,ckplus,train,surprise/ckplus_4e0661b4d01ea472.png,surprise,ckplus,2,0.79,True,False
test,surprise/ckplus_f2abf14d0a7bc52b.png,surprise,ckplus,train,surprise/ckplus_4e0661b4d01ea472.png,surprise,ckplus,2,0.79,True,False
test,surprise/rafdb_7ddfa0de6fe31795.png,surprise,rafdb,train,surprise/rafdb_16d8c186c2125f36.png,surprise,rafdb,2,0.632,False,False
test,surprise/rafdb_b194385b2952fa88.png,surprise,rafdb,train,disgust/aug_rafdb_a7f701299f907043.png,disgust,augmented,2,0.794,False,False
test,surprise/rafdb_b194385b2952fa88.png,surprise,rafdb,train,fear/rafdb_ca2c011ecb871062.png,fear,rafdb,2,0.737,False,False
val,angry/local_57c40da7bea7fb52.png,angry,local,train,angry/aug_local_b631a58ffa7a39a7.png,angry,augmented,2,0.733,False,False
val,disgust/affectnet_49f18896280d634e.png,disgust,affectnet,train,angry/local_aeb852bc7c2a320c.png,angry,local,2,0.783,False,False
val,disgust/affectnet_49f18896280d634e.png,disgust,affectnet,train,happy/aug_rafdb_aac1f121f6b94404.png,happy,augmented,2,0.771,False,False
val,disgust/affectnet_49f18896280d634e.png,disgust,affectnet,train,happy/rafdb_033f3b83990a6dea.png,happy,rafdb,2,0.585,False,False
val,disgust/affectnet_49f18896280d634e.png,disgust,affectnet,train,neutral/aug_local_909827895303e044.png,neutral,augmented,2,0.744,False,False
val,disgust/affectnet_49f18896280d634e.png,disgust,affectnet,train,surprise/local_43416432b3f8ad85.png,surprise,local,2,0.768,False,False
val,disgust/ckplus_89b3a1ca3362bffc.png,disgust,ckplus,train,disgust/ckplus_a53b0733b4faad29.png,disgust,ckplus,2,0.839,True,False
val,disgust/ckplus_c0db5ab601fdbc04.png,disgust,ckplus,train,disgust/ckplus_d776e1ddca38f9e2.png,disgust,ckplus,2,0.794,True,False
val,disgust/rafdb_f7397e9e65ff14b5.png,disgust,rafdb,train,fear/aug_rafdb_67e51fea3c7c5ec6.png,fear,augmented,2,0.637,False,False
val,fear/ckplus_15adbcb03dd03774.png,fear,ckplus,train,fear/ckplus_309b26e85019d350.png,fear,ckplus,2,0.8,True,False
val,fear/ckplus_2ea50329b132129c.png,fear,ckplus,train,fear/ckplus_309b26e85019d350.png,fear,ckplus,2,0.796,True,False
val,fear/ckplus_52f676c98b228cb6.png,fear,ckplus,train,fear/ckplus_309b26e85019d350.png,fear,ckplus,2,0.792,True,False
val,happy/ckplus_3bc48654bf3323a2.png,happy,ckplus,train,disgust/local_c9aafaebe1ae8c94.png,disgust,local,2,0.838,False,False
val,happy/ckplus_860b10e06ee5debf.png,happy,ckplus,train,disgust/ckplus_d46a7d335b04e89d.png,disgust,ckplus,2,0.848,True,False
val,happy/ckplus_911d35fc8e229ddf.png,happy,ckplus,train,happy/ckplus_24e66894ccd05640.png,happy,ckplus,2,0.816,True,False
val,happy/ckplus_9a65de6796bdada9.png,happy,ckplus,train,disgust/ckplus_d46a7d335b04e89d.png,disgust,ckplus,2,0.85,True,False
val,happy/ckplus_f711153f7667c981.png,happy,ckplus,train,happy/ckplus_66c52faf47873843.png,happy,ckplus,2,0.874,True,False
val,happy/local_00304b36a275462a.png,happy,local,train,neutral/local_4ecb9e2f6373a0fa.png,neutral,local,2,0.797,False,False
val,happy/rafdb_3f68cc83361783a7.png,happy,rafdb,train,happy/rafdb_c70c69f3ba1190dc.png,happy,rafdb,2,0.739,False,False
val,happy/rafdb_3f68cc83361783a7.png,happy,rafdb,train,surprise/rafdb_a14360aca594e2e2.png,surprise,rafdb,2,0.7,False,False
val,happy/rafdb_3fc7a207addf7804.png,happy,rafdb,train,angry/rafdb_1bb1a943b278a82b.png,angry,rafdb,2,0.417,False,False
val,happy/rafdb_5c63cf2220957d1f.png,happy,rafdb,train,happy/rafdb_b29a4bc42ac6de37.png,happy,rafdb,2,0.765,False,False
val,happy/rafdb_8f7ca0bc16c52a75.png,happy,rafdb,train,happy/rafdb_0a631877b2268962.png,happy,rafdb,2,0.686,False,False
val,happy/rafdb_8f7ca0bc16c52a75.png,happy,rafdb,train,happy/rafdb_17a8d56328512cf7.png,happy,rafdb,2,0.781,False,False
val,happy/rafdb_dd4919c8a4b19672.png,happy,rafdb,train,happy/rafdb_16d521976136c634.png,happy,rafdb,2,0.726,False,False
val,neutral/local_8331f15292450846.png,neutral,local,train,neutral/local_293d57e74edfb2ca.png,neutral,local,2,0.675,False,False
val,neutral/rafdb_a808e74aebc9cb81.png,neutral,rafdb,train,neutral/local_efb0d430889ade8e.png,neutral,local,2,0.786,False,False
val,sad/ckplus_235314cb0e034a96.png,sad,ckplus,train,sad/ckplus_9660d81108cf3b35.png,sad,ckplus,2,0.781,True,False
val,sad/ckplus_235314cb0e034a96.png,sad,ckplus,train,sad/ckplus_b328215f8309a17b.png,sad,ckplus,2,0.774,True,False
val,sad/local_00c15cb85c9c3802.png,sad,local,train,disgust/rafdb_04f338bf7d9fb5f4.png,disgust,rafdb,2,0.577,False,False
val,sad/local_00c15cb85c9c3802.png,sad,local,train,sad/aug_local_a14962e76dc9c0d6.png,sad,augmented,2,0.571,False,False
val,sad/rafdb_4048b202f3d2688e.png,sad,rafdb,train,disgust/aug_ckplus_cc55696fd4d7f3ce.png,disgust,augmented,2,0.784,False,False
val,sad/rafdb_e9a64694444c6a5d.png,sad,rafdb,train,fear/rafdb_3f5824e5ed646a3f.png,fear,rafdb,2,0.693,False,False
val,surprise/ckplus_4b8bdfd663911cf5.png,surprise,ckplus,train,surprise/ckplus_812a04612983235f.png,surprise,ckplus,2,0.863,True,False
val,surprise/ckplus_4b8bdfd663911cf5.png,surprise,ckplus,train,surprise/ckplus_c375289a1cb314b9.png,surprise,ckplus,2,0.864,True,False
val,surprise/ckplus_4b8bdfd663911cf5.png,surprise,ckplus,train,surprise/ckplus_d1dbba5d5d57cd02.png,surprise,ckplus,2,0.861,True,False
val,surprise/ckplus_95164c906476b69d.png,surprise,ckplus,train,surprise/ckplus_34902cdef7cdc90e.png,surprise,ckplus,2,0.719,True,False
val,surprise/ckplus_95164c906476b69d.png,surprise,ckplus,train,surprise/ckplus_678775d1eba0a48c.png,surprise,ckplus,2,0.721,True,False
val,surprise/ckplus_95164c906476b69d.png,surprise,ckplus,train,surprise/ckplus_d628a581c3740f87.png,surprise,ckplus,2,0.721,True,False
val,surprise/local_dbd096163ae52088.png,surprise,local,train,fear/affectnet_03098794a9bf8eba.png,fear,affectnet,2,0.604,False,False
val,surprise/rafdb_3a27a7cc84cbea15.png,surprise,rafdb,train,happy/rafdb_fa87bcd759c9c3ed.png,happy,rafdb,2,0.784,False,False
val,surprise/rafdb_5e4bcdbc11917879.png,surprise,rafdb,train,happy/rafdb_a8fb4b97af0aef1e.png,happy,rafdb,2,0.808,False,False
val,surprise/rafdb_b541beac58223047.png,surprise,rafdb,train,fear/aug_rafdb_67e51fea3c7c5ec6.png,fear,augmented,2,0.499,False,False
val,surprise/rafdb_b541beac58223047.png,surprise,rafdb,train,fear/rafdb_ca2c011ecb871062.png,fear,rafdb,2,0.544,False,False
test,angry/ckplus_0df67e237ded3070.png,angry,ckplus,train,disgust/ckplus_85a3962027e5e101.png,disgust,ckplus,3,0.796,True,False
test,angry/ckplus_282f07d66b3294e4.png,angry,ckplus,train,fear/affectnet_1bf7b33c548b1c44.png,fear,affectnet,3,0.616,False,False
test,angry/ckplus_28e6f2b2b685eb24.png,angry,ckplus,train,disgust/ckplus_85a3962027e5e101.png,disgust,ckplus,3,0.795,True,False
test,angry/ckplus_8f25d6a83eb4f07b.png,angry,ckplus,train,fear/affectnet_1bf7b33c548b1c44.png,fear,affectnet,3,0.609,False,False
test,angry/ckplus_dddb6d868d6c942b.png,angry,ckplus,train,disgust/ckplus_51a96f0e79e851ee.png,disgust,ckplus,3,0.793,True,False
test,angry/local_6480d163ce599664.png,angry,local,train,surprise/ckplus_1d1939096aa1958e.png,surprise,ckplus,3,0.661,False,False
test,angry/local_6480d163ce599664.png,angry,local,train,surprise/ckplus_8654df9609df9002.png,surprise,ckplus,3,0.657,False,False
test,angry/local_9e6e0b982ada1030.png,angry,local,train,neutral/local_3025093a6ab08d2c.png,neutral,local,3,0.821,False,False
test,angry/rafdb_be7a2b7bfe403949.png,angry,rafdb,train,disgust/local_83ef94057904661e.png,disgust,local,3,0.715,False,False
test,angry/rafdb_cc3eeec7729c6103.png,angry,rafdb,train,angry/rafdb_662f5e3f8f35dd0d.png,angry,rafdb,3,0.613,False,False
test,angry/rafdb_cc3eeec7729c6103.png,angry,rafdb,train,happy/aug_rafdb_d2143b6c224a0b93.png,happy,augmented,3,0.66,False,False
test,angry/rafdb_cc3eeec7729c6103.png,angry,rafdb,train,happy/rafdb_9dc5e170e0b72e4a.png,happy,rafdb,3,0.703,False,False
test,angry/rafdb_cc3eeec7729c6103.png,angry,rafdb,train,neutral/local_d0fdf07246000cf5.png,neutral,local,3,0.674,False,False
test,disgust/affectnet_10b6d5b80e3359ca.png,disgust,affectnet,train,disgust/aug_ckplus_cb9415c9eb778ee1.png,disgust,augmented,3,0.595,False,False
test,disgust/affectnet_10b6d5b80e3359ca.png,disgust,affectnet,train,surprise/local_8e7dbd6e28968ff4.png,surprise,local,3,0.729,False,False
test,disgust/ckplus_681e63eb592248a9.png,disgust,ckplus,train,disgust/ckplus_0f10a66fa33943c2.png,disgust,ckplus,3,0.81,True,False
test,disgust/ckplus_681e63eb592248a9.png,disgust,ckplus,train,sad/ckplus_55d0bca766871681.png,sad,ckplus,3,0.859,True,False
test,disgust/ckplus_681e63eb592248a9.png,disgust,ckplus,train,sad/ckplus_a86e46cc2dd83a87.png,sad,ckplus,3,0.858,True,False
test,disgust/ckplus_681e63eb592248a9.png,disgust,ckplus,train,surprise/ckplus_9e6a068cad2007e6.png,surprise,ckplus,3,0.787,True,False
test,disgust/ckplus_c8d86d1494bb383b.png,disgust,ckplus,train,surprise/aug_local_a1d7abd96bb0b67c.png,surprise,augmented,3,0.736,False,False
test,disgust/ckplus_f768337b940d8360.png,disgust,ckplus,train,fear/local_a8f32db34f78230a.png,fear,local,3,0.696,False,False
test,disgust/ckplus_f768337b940d8360.png,disgust,ckplus,train,neutral/aug_local_d2e61d3ddfa03a55.png,neutral,augmented,3,0.819,False,False
test,disgust/ckplus_f768337b940d8360.png,disgust,ckplus,train,neutral/local_d57aa55a6b99abfb.png,neutral,local,3,0.755,False,False
test,disgust/ckplus_f768337b940d8360.png,disgust,ckplus,train,surprise/aug_local_a1d7abd96bb0b67c.png,surprise,augmented,3,0.733,False,False
test,disgust/ckplus_f768337b940d8360.png,disgust,ckplus,val,surprise/local_62a9d45594bbcf1d.png,surprise,local,3,0.704,False,False
test,disgust/ckplus_f9cbd3ab228bc157.png,disgust,ckplus,train,fear/local_2ac557ed4bc6cb36.png,fear,local,3,0.611,False,False
test,disgust/rafdb_9f03e440432b618a.png,disgust,rafdb,train,happy/rafdb_fdecaca1eb322988.png,happy,rafdb,3,0.657,False,False
test,fear/rafdb_0af8b01bcdfcaed1.png,fear,rafdb,train,fear/aug_local_98678233c31a6a3d.png,fear,augmented,3,0.664,False,False
test,fear/rafdb_0af8b01bcdfcaed1.png,fear,rafdb,train,surprise/rafdb_773a77ba2ee8b2b8.png,surprise,rafdb,3,0.82,False,False
test,fear/rafdb_b7d247394dce5bc8.png,fear,rafdb,train,fear/rafdb_95ab389c28065de5.png,fear,rafdb,3,0.695,False,False
test,happy/ckplus_0d0226fdcd34fbb1.png,happy,ckplus,val,happy/ckplus_f711153f7667c981.png,happy,ckplus,3,0.883,True,False
test,happy/ckplus_1da42e31c742dffe.png,happy,ckplus,train,happy/ckplus_a59e049581846092.png,happy,ckplus,3,0.878,True,False
test,happy/ckplus_5bc453244c9dbd69.png,happy,ckplus,train,disgust/ckplus_c9fbf8c55301d052.png,disgust,ckplus,3,0.808,True,False
test,happy/ckplus_5bc453244c9dbd69.png,happy,ckplus,train,happy/ckplus_07085b7a4e942d37.png,happy,ckplus,3,0.869,True,False
test,happy/ckplus_5bc453244c9dbd69.png,happy,ckplus,train,happy/ckplus_a295b593c304abb0.png,happy,ckplus,3,0.867,True,False
test,happy/ckplus_5bc453244c9dbd69.png,happy,ckplus,val,happy/ckplus_da0dc32800f6c2f1.png,happy,ckplus,3,0.854,True,False
test,happy/ckplus_9ca8ec2b40241465.png,happy,ckplus,train,happy/ckplus_9d07f78ec09b8d5e.png,happy,ckplus,3,0.809,True,False
test,happy/ckplus_aecc1f7d32ea533c.png,happy,ckplus,train,happy/ckplus_9d07f78ec09b8d5e.png,happy,ckplus,3,0.803,True,False
test,happy/ckplus_d5c67588d09e84a6.png,happy,ckplus,train,happy/ckplus_3b713142e3705d6d.png,happy,ckplus,3,0.782,True,False
test,happy/ckplus_dba638fd49034662.png,happy,ckplus,train,happy/ckplus_07085b7a4e942d37.png,happy,ckplus,3,0.867,True,False
test,happy/ckplus_dba638fd49034662.png,happy,ckplus,train,happy/ckplus_a295b593c304abb0.png,happy,ckplus,3,0.866,True,False
test,happy/ckplus_dba638fd49034662.png,happy,ckplus,val,happy/ckplus_6174fabcad994991.png,happy,ckplus,3,0.882,True,False
test,happy/ckplus_e4809ec1837828ce.png,happy,ckplus,train,happy/ckplus_9d07f78ec09b8d5e.png,happy,ckplus,3,0.818,True,False
test,happy/rafdb_0024146fc592f659.png,happy,rafdb,train,fear/rafdb_6a263bba85ff63a5.png,fear,rafdb,3,0.653,False,False
test,happy/rafdb_14ab53efb389eb88.png,happy,rafdb,train,sad/aug_rafdb_fdf1563b13655a81.png,sad,augmented,3,0.688,False,False
test,happy/rafdb_1f6c707e3978d714.png,happy,rafdb,train,sad/rafdb_6c770856807b32ab.png,sad,rafdb,3,0.572,False,False
test,happy/rafdb_2265eccb7850eb39.png,happy,rafdb,train,happy/rafdb_227668f78522e222.png,happy,rafdb,3,0.616,False,False
test,happy/rafdb_2265eccb7850eb39.png,happy,rafdb,val,happy/ckplus_3e20675afc55bb1c.png,happy,ckplus,3,0.69,False,False
test,happy/rafdb_458d02cedd7a3058.png,happy,rafdb,train,happy/aug_rafdb_9dc5e170e0b72e4a.png,happy,augmented,3,0.677,False,False
test,happy/rafdb_458d02cedd7a3058.png,happy,rafdb,train,happy/rafdb_4fe926d43456133f.png,happy,rafdb,3,0.788,False,False
test,happy/rafdb_458d02cedd7a3058.png,happy,rafdb,train,happy/rafdb_e0b03a01837af94b.png,happy,rafdb,3,0.757,False,False
test,happy/rafdb_458d02cedd7a3058.png,happy,rafdb,train,happy/rafdb_e8c6a48a60b9bd49.png,happy,rafdb,3,0.819,False,False
test,happy/rafdb_458d02cedd7a3058.png,happy,rafdb,train,surprise/rafdb_c232f9a011acc591.png,surprise,rafdb,3,0.702,False,False
test,happy/rafdb_61e1ec7e3677a4d5.png,happy,rafdb,train,happy/rafdb_82db6a3f86b59c2f.png,happy,rafdb,3,0.617,False,False
test,happy/rafdb_6a48afb85d863962.png,happy,rafdb,train,happy/rafdb_450744cd825f8ded.png,happy,rafdb,3,0.505,False,False
test,happy/rafdb_9ff443a4c12a890c.png,happy,rafdb,train,happy/rafdb_958e6be9004b37c5.png,happy,rafdb,3,0.71,False,False
test,happy/rafdb_ef3c4eb2d7419b7b.png,happy,rafdb,train,neutral/local_ffc07854e2f8f6bc.png,neutral,local,3,0.694,False,False
test,happy/rafdb_fa8fd5a162f99727.png,happy,rafdb,train,disgust/rafdb_47416a0da6ea2596.png,disgust,rafdb,3,0.522,False,False
test,happy/rafdb_fa8fd5a162f99727.png,happy,rafdb,train,happy/rafdb_057240f716da59f6.png,happy,rafdb,3,0.658,False,False
test,happy/rafdb_fa8fd5a162f99727.png,happy,rafdb,train,happy/rafdb_12777f95a1dda0d6.png,happy,rafdb,3,0.665,False,False
test,happy/rafdb_fa8fd5a162f99727.png,happy,rafdb,train,happy/rafdb_1d14dc50431f23ea.png,happy,rafdb,3,0.544,False,False
test,happy/rafdb_fa8fd5a162f99727.png,happy,rafdb,train,happy/rafdb_710ea8a702a6b6f8.png,happy,rafdb,3,0.683,False,False
test,happy/rafdb_fa8fd5a162f99727.png,happy,rafdb,train,happy/rafdb_fe488a050b928e80.png,happy,rafdb,3,0.646,False,False
test,neutral/local_57c3389d43fe74a8.png,neutral,local,train,fear/ckplus_1e2940a0dab62c5d.png,fear,ckplus,3,0.709,False,False
test,neutral/local_57c3389d43fe74a8.png,neutral,local,train,fear/ckplus_54ebdb76f20eaa37.png,fear,ckplus,3,0.712,False,False
test,neutral/local_7011486674208fce.png,neutral,local,train,disgust/ckplus_c9fbf8c55301d052.png,disgust,ckplus,3,0.684,False,False
test,neutral/local_d5cedfcf3cdf3f6c.png,neutral,local,train,neutral/local_4268df41808ae089.png,neutral,local,3,0.707,False,False
test,neutral/local_d5cedfcf3cdf3f6c.png,neutral,local,val,surprise/local_dbd096163ae52088.png,surprise,local,3,0.724,False,False
test,neutral/rafdb_8ea7319a0834f8bc.png,neutral,rafdb,train,sad/rafdb_66d52384a022576f.png,sad,rafdb,3,0.831,False,False
test,sad/ckplus_190344838efd85a1.png,sad,ckplus,train,angry/ckplus_15595e1c92429b3e.png,angry,ckplus,3,0.887,True,False
test,sad/ckplus_190344838efd85a1.png,sad,ckplus,train,angry/ckplus_d62f0fb6110e32fc.png,angry,ckplus,3,0.888,True,False
test,sad/ckplus_190344838efd85a1.png,sad,ckplus,train,surprise/ckplus_92dbc55252bef9bd.png,surprise,ckplus,3,0.785,True,False
test,sad/ckplus_5303683259727218.png,sad,ckplus,train,disgust/aug_ckplus_2fe80e22d89bb553.png,disgust,augmented,3,0.867,True,False
test,sad/ckplus_797049e12a63b36e.png,sad,ckplus,train,angry/ckplus_6d4de3581c035390.png,angry,ckplus,3,0.887,True,False
test,sad/local_0fbd55e06ba08867.png,sad,local,train,angry/local_ee8a834539da5bc9.png,angry,local,3,0.709,False,False
test,sad/rafdb_a7a707fc9a13ab25.png,sad,rafdb,train,happy/rafdb_0f58a4a965d074d0.png,happy,rafdb,3,0.551,False,False
test,surprise/ckplus_0011e492f4420058.png,surprise,ckplus,train,disgust/local_ae49deb5063f9f6d.png,disgust,local,3,0.786,False,False
test,surprise/ckplus_4f60d1384b60ddea.png,surprise,ckplus,train,surprise/ckplus_797091979d4c6a89.png,surprise,ckplus,3,0.776,True,False
test,surprise/ckplus_7edfa2bfd7e85995.png,surprise,ckplus,train,surprise/ckplus_17b368d30b66f4ba.png,surprise,ckplus,3,0.747,True,False
test,surprise/ckplus_7edfa2bfd7e85995.png,surprise,ckplus,train,surprise/ckplus_6e835e9a843dc4cb.png,surprise,ckplus,3,0.65,True,False
test,surprise/ckplus_7edfa2bfd7e85995.png,surprise,ckplus,train,surprise/ckplus_8a9dccd471cd142d.png,surprise,ckplus,3,0.76,True,False
test,surprise/ckplus_95e95f936e0a9258.png,surprise,ckplus,train,surprise/ckplus_17b368d30b66f4ba.png,surprise,ckplus,3,0.772,True,False
test,surprise/ckplus_95e95f936e0a9258.png,surprise,ckplus,train,surprise/ckplus_6e835e9a843dc4cb.png,surprise,ckplus,3,0.677,True,False
test,surprise/ckplus_f2abf14d0a7bc52b.png,surprise,ckplus,train,surprise/ckplus_17b368d30b66f4ba.png,surprise,ckplus,3,0.774,True,False
test,surprise/ckplus_f2abf14d0a7bc52b.png,surprise,ckplus,train,surprise/ckplus_6e835e9a843dc4cb.png,surprise,ckplus,3,0.678,True,False
test,surprise/local_14e8ac2b7b3d7e5d.png,surprise,local,train,disgust/aug_local_60dc6612234903ba.png,disgust,augmented,3,0.754,False,False
test,surprise/local_14e8ac2b7b3d7e5d.png,surprise,local,train,disgust/local_8230c5831d2c3c6d.png,disgust,local,3,0.74,False,False
test,surprise/rafdb_7ddfa0de6fe31795.png,surprise,rafdb,train,angry/rafdb_80616d3e603d2152.png,angry,rafdb,3,0.583,False,False
test,surprise/rafdb_7ddfa0de6fe31795.png,surprise,rafdb,train,neutral/local_84a0adffc15db491.png,neutral,local,3,0.584,False,False
test,surprise/rafdb_b194385b2952fa88.png,surprise,rafdb,train,angry/local_8088b8370f41e347.png,angry,local,3,0.552,False,False
test,surprise/rafdb_b194385b2952fa88.png,surprise,rafdb,train,happy/rafdb_9a06f7401778dad8.png,happy,rafdb,3,0.732,False,False
val,angry/ckplus_4e761c6fcb78b4e0.png,angry,ckplus,train,angry/ckplus_d201d42ee3cc3ba8.png,angry,ckplus,3,0.814,True,False
val,angry/ckplus_f41d7a4bc2fff5f0.png,angry,ckplus,train,neutral/aug_local_95e6210454e1e19b.png,neutral,augmented,3,0.47,False,False
val,angry/local_16fc6878ebc9c001.png,angry,local,train,neutral/local_8ad54d6c608a9922.png,neutral,local,3,0.663,False,False
val,angry/local_16fc6878ebc9c001.png,angry,local,train,surprise/ckplus_01f33d242c0ea0da.png,surprise,ckplus,3,0.741,False,False
val,angry/local_71f9cfc437100551.png,angry,local,train,sad/rafdb_d5dc4e16d5506051.png,sad,rafdb,3,0.753,False,False
val,angry/local_886426fa71ee8828.png,angry,local,train,neutral/local_2e7d2e4a71006e50.png,neutral,local,3,0.687,False,False
val,angry/local_d83ba4c4b58c508d.png,angry,local,train,disgust/rafdb_f1fa7898beac457d.png,disgust,rafdb,3,0.661,False,False
val,angry/local_d83ba4c4b58c508d.png,angry,local,train,fear/local_baf006c7c3011942.png,fear,local,3,0.588,False,False
val,angry/local_d83ba4c4b58c508d.png,angry,local,train,sad/rafdb_2666812bcd5ddfd6.png,sad,rafdb,3,0.707,False,False
val,angry/local_d83ba4c4b58c508d.png,angry,local,train,sad/rafdb_87efa278f7bae778.png,sad,rafdb,3,0.728,False,False
val,angry/rafdb_66bd11010514f301.png,angry,rafdb,train,happy/aug_rafdb_bde625b1b76f9ec8.png,happy,augmented,3,0.571,False,False
val,angry/rafdb_ca843fb108a6f6e6.png,angry,rafdb,train,sad/rafdb_e35f405e07932e05.png,sad,rafdb,3,0.663,False,False
val,disgust/affectnet_00188f82dd0c2441.png,disgust,affectnet,train,disgust/aug_ckplus_cd8d6065124a25c4.png,disgust,augmented,3,0.624,False,False
val,disgust/affectnet_3a36b69f0009616c.png,disgust,affectnet,train,fear/local_4f8631d740396b3c.png,fear,local,3,0.676,False,False
val,disgust/affectnet_49f18896280d634e.png,disgust,affectnet,train,angry/local_20048c2f09bce747.png,angry,local,3,0.788,False,False
val,disgust/affectnet_49f18896280d634e.png,disgust,affectnet,train,disgust/aug_local_60dc6612234903ba.png,disgust,augmented,3,0.778,False,False
val,disgust/affectnet_49f18896280d634e.png,disgust,affectnet,train,happy/aug_rafdb_271c7a134599ceed.png,happy,augmented,3,0.634,False,False
val,disgust/affectnet_49f18896280d634e.png,disgust,affectnet,train,happy/local_3c2ced6d4dd12943.png,happy,local,3,0.681,False,False
val,disgust/affectnet_49f18896280d634e.png,disgust,affectnet,train,happy/rafdb_059025d46ed9fdf4.png,happy,rafdb,3,0.611,False,False
val,disgust/affectnet_49f18896280d634e.png,disgust,affectnet,train,happy/rafdb_c70c69f3ba1190dc.png,happy,rafdb,3,0.662,False,False
val,disgust/affectnet_49f18896280d634e.png,disgust,affectnet,train,neutral/aug_local_d1131486aa80e832.png,neutral,augmented,3,0.635,False,False
val,disgust/affectnet_49f18896280d634e.png,disgust,affectnet,train,neutral/local_4ecb9e2f6373a0fa.png,neutral,local,3,0.723,False,False
val,disgust/affectnet_797469932636cb0b.png,disgust,affectnet,train,surprise/rafdb_ffbab334b78c0116.png,surprise,rafdb,3,0.631,False,False
val,disgust/ckplus_08f43f0daccb69e1.png,disgust,ckplus,train,disgust/ckplus_a53b0733b4faad29.png,disgust,ckplus,3,0.837,True,False
val,disgust/ckplus_35b463ba44bac823.png,disgust,ckplus,train,disgust/ckplus_a53b0733b4faad29.png,disgust,ckplus,3,0.847,True,False
val,disgust/ckplus_48521943ab08f966.png,disgust,ckplus,train,disgust/ckplus_87c176c77b489923.png,disgust,ckplus,3,0.786,True,False
val,disgust/ckplus_64c13f75977e99cd.png,disgust,ckplus,train,disgust/ckplus_b951c4cbd5721885.png,disgust,ckplus,3,0.805,True,False
val,disgust/ckplus_6a509c69f52efbd0.png,disgust,ckplus,train,disgust/ckplus_85a3962027e5e101.png,disgust,ckplus,3,0.754,True,False
val,disgust/ckplus_6a509c69f52efbd0.png,disgust,ckplus,train,happy/ckplus_cdbef85945306939.png,happy,ckplus,3,0.752,True,False
val,disgust/ckplus_80558e84fede8fc4.png,disgust,ckplus,train,disgust/ckplus_66e7ae94e897a099.png,disgust,ckplus,3,0.862,True,False
val,disgust/ckplus_80558e84fede8fc4.png,disgust,ckplus,train,disgust/ckplus_ed8e71044078fff5.png,disgust,ckplus,3,0.848,True,False
val,disgust/ckplus_89b3a1ca3362bffc.png,disgust,ckplus,train,disgust/ckplus_d6121e5c7dc06d3a.png,disgust,ckplus,3,0.831,True,False
val,disgust/ckplus_89b3a1ca3362bffc.png,disgust,ckplus,train,disgust/ckplus_d632e90c09563eb7.png,disgust,ckplus,3,0.832,True,False
val,disgust/local_0ebbe750f6864e7e.png,disgust,local,train,happy/local_0e366982dec2e6f3.png,happy,local,3,0.797,False,False
val,disgust/local_147e0a93e756209f.png,disgust,local,train,disgust/local_dcfa1aeb983bf999.png,disgust,local,3,0.811,False,False
val,disgust/local_9c80309c7480dfa3.png,disgust,local,train,sad/rafdb_e96d061b46b3c276.png,sad,rafdb,3,0.591,False,False
val,disgust/local_bdb53164eaaa3bea.png,disgust,local,train,disgust/local_e692fde7ab4cab61.png,disgust,local,3,0.801,False,False
val,disgust/rafdb_28fbec6b164f7767.png,disgust,rafdb,train,disgust/rafdb_b94ffb3bec6cac6d.png,disgust,rafdb,3,0.651,False,False
val,disgust/rafdb_28fbec6b164f7767.png,disgust,rafdb,train,disgust/rafdb_c5aaf44cf807546c.png,disgust,rafdb,3,0.651,False,False
val,disgust/rafdb_28fbec6b164f7767.png,disgust,rafdb,train,sad/rafdb_98bc8785994fecb6.png,sad,rafdb,3,0.642,False,False
val,disgust/rafdb_6ac05c93483c010b.png,disgust,rafdb,train,neutral/local_e8c6ff8cf199e97d.png,neutral,local,3,0.694,False,False
val,disgust/rafdb_b1e147968307d3db.png,disgust,rafdb,train,surprise/rafdb_a14360aca594e2e2.png,surprise,rafdb,3,0.697,False,False
val,fear/affectnet_9bfdb0face8b3d43.png,fear,affectnet,train,neutral/local_c73d3fc30ae90509.png,neutral,local,3,0.652,False,False
val,fear/affectnet_9bfdb0face8b3d43.png,fear,affectnet,train,surprise/aug_rafdb_c93f186ae00918ad.png,surprise,augmented,3,0.803,False,False
val,fear/affectnet_bf03126a0cae0f92.png,fear,affectnet,train,fear/aug_affectnet_f44c6feedbeedec4.png,fear,augmented,3,0.699,False,False
val,fear/ckplus_15adbcb03dd03774.png,fear,ckplus,train,angry/ckplus_1aff444d80600175.png,angry,ckplus,3,0.68,True,False
val,fear/ckplus_15adbcb03dd03774.png,fear,ckplus,train,neutral/local_2f6ed78ba4bff37a.png,neutral,local,3,0.666,False,False
val,fear/ckplus_15adbcb03dd03774.png,fear,ckplus,train,sad/ckplus_9660d81108cf3b35.png,sad,ckplus,3,0.795,True,False
val,fear/ckplus_15adbcb03dd03774.png,fear,ckplus,train,sad/ckplus_b328215f8309a17b.png,sad,ckplus,3,0.795,True,False
val,fear/ckplus_2ea50329b132129c.png,fear,ckplus,train,angry/ckplus_1aff444d80600175.png,angry,ckplus,3,0.688,True,False
val,fear/ckplus_2ea50329b132129c.png,fear,ckplus,train,neutral/local_2f6ed78ba4bff37a.png,neutral,local,3,0.678,False,False
val,fear/ckplus_2ea50329b132129c.png,fear,ckplus,train,sad/ckplus_9660d81108cf3b35.png,sad,ckplus,3,0.805,True,False
val,fear/ckplus_2ea50329b132129c.png,fear,ckplus,train,sad/ckplus_b328215f8309a17b.png,sad,ckplus,3,0.801,True,False
val,fear/ckplus_52f676c98b228cb6.png,fear,ckplus,train,angry/ckplus_1aff444d80600175.png,angry,ckplus,3,0.692,True,False
val,fear/ckplus_52f676c98b228cb6.png,fear,ckplus,train,neutral/local_2f6ed78ba4bff37a.png,neutral,local,3,0.676,False,False
val,fear/ckplus_52f676c98b228cb6.png,fear,ckplus,train,sad/ckplus_9660d81108cf3b35.png,sad,ckplus,3,0.805,True,False
val,fear/ckplus_52f676c98b228cb6.png,fear,ckplus,train,sad/ckplus_b328215f8309a17b.png,sad,ckplus,3,0.802,True,False
val,fear/ckplus_7239d8f15bc3ed0b.png,fear,ckplus,train,angry/local_20048c2f09bce747.png,angry,local,3,0.764,False,False
val,fear/local_18a0f122b5f1b3de.png,fear,local,train,fear/ckplus_309b26e85019d350.png,fear,ckplus,3,0.763,False,False
val,fear/local_18a0f122b5f1b3de.png,fear,local,train,happy/ckplus_b757558bc7758eab.png,happy,ckplus,3,0.733,False,False
val,fear/local_4ae34537101394b4.png,fear,local,train,angry/local_987d7acec5970c75.png,angry,local,3,0.533,False,False
val,fear/local_582db41be1ec0a5f.png,fear,local,train,angry/local_bbbd23c09d38a010.png,angry,local,3,0.747,False,False
val,fear/local_821c3cd62d4fa611.png,fear,local,train,disgust/ckplus_0f10a66fa33943c2.png,disgust,ckplus,3,0.69,False,False
val,fear/local_821c3cd62d4fa611.png,fear,local,train,disgust/ckplus_787e324fba52d1c0.png,disgust,ckplus,3,0.69,False,False
val,fear/local_821c3cd62d4fa611.png,fear,local,train,neutral/local_5b5385dad0d6d973.png,neutral,local,3,0.607,False,False
val,fear/rafdb_eeb9b2cb7709f854.png,fear,rafdb,train,fear/rafdb_c506ab1a1cc29fcd.png,fear,rafdb,3,0.758,False,False
val,happy/ckplus_15895dc9bab08fec.png,happy,ckplus,train,happy/ckplus_66c52faf47873843.png,happy,ckplus,3,0.877,True,False
val,happy/ckplus_6174fabcad994991.png,happy,ckplus,train,happy/ckplus_66c52faf47873843.png,happy,ckplus,3,0.881,True,False
val,happy/ckplus_860b10e06ee5debf.png,happy,ckplus,train,happy/ckplus_0b64031aff80aaab.png,happy,ckplus,3,0.813,True,False
val,happy/ckplus_860b10e06ee5debf.png,happy,ckplus,train,happy/ckplus_1f8779fd2b769696.png,happy,ckplus,3,0.818,True,False
val,happy/ckplus_911d35fc8e229ddf.png,happy,ckplus,train,disgust/ckplus_433442ff7221d317.png,disgust,ckplus,3,0.721,True,False
val,happy/ckplus_911d35fc8e229ddf.png,happy,ckplus,train,disgust/ckplus_7aa2eab80d393189.png,disgust,ckplus,3,0.746,True,False
val,happy/ckplus_911d35fc8e229ddf.png,happy,ckplus,train,happy/ckplus_2e3b6fd7f31539fa.png,happy,ckplus,3,0.793,True,False
val,happy/ckplus_911d35fc8e229ddf.png,happy,ckplus,train,happy/ckplus_7823ffeec86f065b.png,happy,ckplus,3,0.847,True,False
val,happy/ckplus_911d35fc8e229ddf.png,happy,ckplus,train,happy/ckplus_acb90b2dc2a9cb65.png,happy,ckplus,3,0.847,True,False
val,happy/ckplus_911d35fc8e229ddf.png,happy,ckplus,train,happy/ckplus_b8b8d8595887a1b5.png,happy,ckplus,3,0.807,True,False
val,happy/ckplus_911d35fc8e229ddf.png,happy,ckplus,train,happy/ckplus_e2beffddf6681408.png,happy,ckplus,3,0.815,True,False
val,happy/ckplus_911d35fc8e229ddf.png,happy,ckplus,train,happy/ckplus_f8dd1b743d2f60ba.png,happy,ckplus,3,0.805,True,False
val,happy/ckplus_98c251b6e74bfdf1.png,happy,ckplus,train,disgust/ckplus_c9fbf8c55301d052.png,disgust,ckplus,3,0.778,True,False
val,happy/ckplus_9a65de6796bdada9.png,happy,ckplus,train,happy/ckplus_0b64031aff80aaab.png,happy,ckplus,3,0.817,True,False
val,happy/ckplus_9a65de6796bdada9.png,happy,ckplus,train,happy/ckplus_1f8779fd2b769696.png,happy,ckplus,3,0.823,True,False
val,happy/ckplus_da0dc32800f6c2f1.png,happy,ckplus,train,happy/ckplus_38b0e7ac041d5029.png,happy,ckplus,3,0.896,True,False
val,happy/ckplus_f711153f7667c981.png,happy,ckplus,train,disgust/ckplus_c9fbf8c55301d052.png,disgust,ckplus,3,0.865,True,False
val,happy/ckplus_f711153f7667c981.png,happy,ckplus,train,happy/ckplus_a11a21cf69fc0f43.png,happy,ckplus,3,0.891,True,False
val,happy/local_0a5a9b436cc0c94f.png,happy,local,train,angry/local_aeb852bc7c2a320c.png,angry,local,3,0.711,False,False
val,happy/local_0a5a9b436cc0c94f.png,happy,local,train,happy/aug_rafdb_aac1f121f6b94404.png,happy,augmented,3,0.76,False,False
val,happy/local_2bcbcc0e7ad30369.png,happy,local,train,disgust/rafdb_eb9854e95b2ae5de.png,disgust,rafdb,3,0.515,False,False
val,happy/rafdb_011e09d536e4a1b3.png,happy,rafdb,train,sad/rafdb_3f022dca53fd3383.png,sad,rafdb,3,0.686,False,False
val,happy/rafdb_3f68cc83361783a7.png,happy,rafdb,train,angry/rafdb_5e77e48e6b9119f9.png,angry,rafdb,3,0.522,False,False
val,happy/rafdb_3f68cc83361783a7.png,happy,rafdb,train,fear/rafdb_ca2c011ecb871062.png,fear,rafdb,3,0.66,False,False
val,happy/rafdb_3f68cc83361783a7.png,happy,rafdb,train,happy/aug_rafdb_0f58a4a965d074d0.png,happy,augmented,3,0.695,False,False
val,happy/rafdb_3f68cc83361783a7.png,happy,rafdb,train,happy/rafdb_43b9a16611b55045.png,happy,rafdb,3,0.697,False,False
val,happy/rafdb_3f68cc83361783a7.png,happy,rafdb,train,neutral/aug_local_909827895303e044.png,neutral,augmented,3,0.714,False,False
val,happy/rafdb_3f68cc83361783a7.png,happy,rafdb,train,surprise/rafdb_16d8c186c2125f36.png,surprise,rafdb,3,0.696,False,False
val,happy/rafdb_3fc7a207addf7804.png,happy,rafdb,train,fear/rafdb_040cdf7f4c18245b.png,fear,rafdb,3,0.716,False,False
val,happy/rafdb_3fc7a207addf7804.png,happy,rafdb,train,happy/aug_rafdb_9ccb7be5f61d4ac6.png,happy,augmented,3,0.698,False,False
val,happy/rafdb_3fc7a207addf7804.png,happy,rafdb,train,happy/rafdb_17a8d56328512cf7.png,happy,rafdb,3,0.591,False,False
val,happy/rafdb_3fc7a207addf7804.png,happy,rafdb,train,happy/rafdb_1824f1f9870ff50d.png,happy,rafdb,3,0.706,False,False
val,happy/rafdb_3fc7a207addf7804.png,happy,rafdb,train,happy/rafdb_591331a4ca0f7829.png,happy,rafdb,3,0.624,False,False
val,happy/rafdb_3fc7a207addf7804.png,happy,rafdb,train,happy/rafdb_82db6a3f86b59c2f.png,happy,rafdb,3,0.62,False,False
val,happy/rafdb_3fc7a207addf7804.png,happy,rafdb,train,sad/rafdb_5e66f1e22b8d6bb1.png,sad,rafdb,3,0.632,False,False
val,happy/rafdb_405491baf832f169.png,happy,rafdb,train,angry/local_2c714ed81561d6ff.png,angry,local,3,0.648,False,False
val,happy/rafdb_4cf18ff08efb5e54.png,happy,rafdb,train,disgust/rafdb_f1fa7898beac457d.png,disgust,rafdb,3,0.61,False,False
val,happy/rafdb_4cf18ff08efb5e54.png,happy,rafdb,train,sad/rafdb_87efa278f7bae778.png,sad,rafdb,3,0.608,False,False
val,happy/rafdb_5c63cf2220957d1f.png,happy,rafdb,train,happy/rafdb_02f6093fc3393054.png,happy,rafdb,3,0.746,False,False
val,happy/rafdb_5f13f0a24ef72e68.png,happy,rafdb,train,happy/rafdb_0d68472159242a5f.png,happy,rafdb,3,0.809,False,False
val,happy/rafdb_8f7ca0bc16c52a75.png,happy,rafdb,train,happy/rafdb_27819f541a1e9858.png,happy,rafdb,3,0.702,False,False
val,happy/rafdb_8f7ca0bc16c52a75.png,happy,rafdb,train,happy/rafdb_b25469af6ffe1ce1.png,happy,rafdb,3,0.78,False,False
val,happy/rafdb_97bac19d84773ea1.png,happy,rafdb,train,happy/rafdb_b29a4bc42ac6de37.png,happy,rafdb,3,0.728,False,False
val,happy/rafdb_a753c4ad80784312.png,happy,rafdb,train,happy/aug_rafdb_fbb096e6ce01cb50.png,happy,augmented,3,0.558,False,False
val,happy/rafdb_ad557763ae127e52.png,happy,rafdb,train,happy/aug_rafdb_9dc5e170e0b72e4a.png,happy,augmented,3,0.603,False,False
val,happy/rafdb_c2960a52ce707a17.png,happy,rafdb,train,happy/aug_rafdb_94f69f56446c4e12.png,happy,augmented,3,0.762,False,False
val,happy/rafdb_c75b41b3870549e4.png,happy,rafdb,train,happy/rafdb_088bc12ebf1493cf.png,happy,rafdb,3,0.638,False,False
val,happy/rafdb_dd4919c8a4b19672.png,happy,rafdb,train,happy/aug_rafdb_3ebe26e6b91aee1d.png,happy,augmented,3,0.653,False,False
val,neutral/local_118078af1145879f.png,neutral,local,train,happy/local_3c2ced6d4dd12943.png,happy,local,3,0.526,False,False
val,neutral/local_22266362ee64f4b5.png,neutral,local,train,neutral/local_909827895303e044.png,neutral,local,3,0.544,False,False
val,neutral/local_321a29afcc99ad32.png,neutral,local,train,fear/aug_local_98678233c31a6a3d.png,fear,augmented,3,0.621,False,False
val,neutral/local_321a29afcc99ad32.png,neutral,local,train,neutral/local_75b61551bdaf2ef2.png,neutral,local,3,0.737,False,False
val,neutral/local_321a29afcc99ad32.png,neutral,local,train,surprise/rafdb_773a77ba2ee8b2b8.png,surprise,rafdb,3,0.763,False,False
val,neutral/local_9ff251d6096884bd.png,neutral,local,train,disgust/affectnet_9abd9a977df782ad.png,disgust,affectnet,3,0.698,False,False
val,neutral/local_9ff251d6096884bd.png,neutral,local,train,sad/rafdb_a9a4ca3de2a7c755.png,sad,rafdb,3,0.64,False,False
val,neutral/local_aadd6c951e65424b.png,neutral,local,train,neutral/local_81b269cbfcbe43a6.png,neutral,local,3,0.791,False,False
val,neutral/rafdb_a808e74aebc9cb81.png,neutral,rafdb,train,angry/aug_local_535687984ddf15ec.png,angry,augmented,3,0.833,False,False
val,neutral/rafdb_a808e74aebc9cb81.png,neutral,rafdb,train,disgust/affectnet_df6d60338c1fc174.png,disgust,affectnet,3,0.814,False,False
val,neutral/rafdb_a808e74aebc9cb81.png,neutral,rafdb,train,disgust/ckplus_a055ca6cc1d2a5f3.png,disgust,ckplus,3,0.78,False,False
val,neutral/rafdb_a808e74aebc9cb81.png,neutral,rafdb,train,fear/local_99f2b6b8fb054edb.png,fear,local,3,0.662,False,False
val,neutral/rafdb_a808e74aebc9cb81.png,neutral,rafdb,train,happy/ckplus_0d4a8106b36f6ca9.png,happy,ckplus,3,0.83,False,False
val,neutral/rafdb_a808e74aebc9cb81.png,neutral,rafdb,train,surprise/aug_rafdb_9c7ec354823c1ea7.png,surprise,augmented,3,0.728,False,False
val,neutral/rafdb_a808e74aebc9cb81.png,neutral,rafdb,train,surprise/aug_rafdb_c93f186ae00918ad.png,surprise,augmented,3,0.794,False,False
val,sad/ckplus_158b41237f0dbf4d.png,sad,ckplus,train,disgust/ckplus_85a3962027e5e101.png,disgust,ckplus,3,0.709,True,False
val,sad/ckplus_235314cb0e034a96.png,sad,ckplus,train,disgust/ckplus_924efcfe6b3d25a6.png,disgust,ckplus,3,0.697,True,False
val,sad/ckplus_235314cb0e034a96.png,sad,ckplus,train,sad/ckplus_7110d935f1f3c303.png,sad,ckplus,3,0.782,True,False
val,sad/ckplus_235314cb0e034a96.png,sad,ckplus,train,sad/ckplus_a84b14d774a9b8ef.png,sad,ckplus,3,0.778,True,False
val,sad/ckplus_235314cb0e034a96.png,sad,ckplus,train,sad/ckplus_ae31a46d0c30f00c.png,sad,ckplus,3,0.782,True,False
val,sad/ckplus_a84b3234e2b32a71.png,sad,ckplus,train,sad/ckplus_9660d81108cf3b35.png,sad,ckplus,3,0.781,True,False
val,sad/ckplus_a84b3234e2b32a71.png,sad,ckplus,train,sad/ckplus_b328215f8309a17b.png,sad,ckplus,3,0.775,True,False
val,sad/ckplus_a84b3234e2b32a71.png,sad,ckplus,train,surprise/ckplus_65eb2ebeb137ddd0.png,surprise,ckplus,3,0.782,True,False
val,sad/ckplus_fb7d5fc5c2ea6ec0.png,sad,ckplus,train,sad/ckplus_9660d81108cf3b35.png,sad,ckplus,3,0.771,True,False
val,sad/ckplus_fb7d5fc5c2ea6ec0.png,sad,ckplus,train,sad/ckplus_b328215f8309a17b.png,sad,ckplus,3,0.763,True,False
val,sad/local_00c15cb85c9c3802.png,sad,local,train,disgust/local_6dd69beae8a06329.png,disgust,local,3,0.471,False,False
val,sad/local_00c15cb85c9c3802.png,sad,local,train,disgust/rafdb_4d38b35b81e9550c.png,disgust,rafdb,3,0.512,False,False
val,sad/local_171b3668c3050f06.png,sad,local,train,neutral/rafdb_717ce877f8305510.png,neutral,rafdb,3,0.75,False,False
val,sad/local_faeb30ed031efed7.png,sad,local,train,angry/aug_local_535687984ddf15ec.png,angry,augmented,3,0.797,False,False
val,sad/local_faeb30ed031efed7.png,sad,local,train,surprise/rafdb_d4f4dd909b0ac330.png,surprise,rafdb,3,0.765,False,False
val,sad/rafdb_3773763d87881966.png,sad,rafdb,train,happy/aug_rafdb_ee863ae8900a2887.png,happy,augmented,3,0.69,False,False
val,sad/rafdb_4048b202f3d2688e.png,sad,rafdb,train,neutral/local_d2e61d3ddfa03a55.png,neutral,local,3,0.793,False,False
val,sad/rafdb_5b38554a64056f27.png,sad,rafdb,train,happy/aug_rafdb_3ebe26e6b91aee1d.png,happy,augmented,3,0.824,False,False
val,sad/rafdb_5b38554a64056f27.png,sad,rafdb,train,sad/rafdb_02f4f5819d1a77ca.png,sad,rafdb,3,0.696,False,False
val,sad/rafdb_5b38554a64056f27.png,sad,rafdb,train,sad/rafdb_3f5768ba9c0ca826.png,sad,rafdb,3,0.808,False,False
val,sad/rafdb_5b38554a64056f27.png,sad,rafdb,train,sad/rafdb_fcf67902c6c2be24.png,sad,rafdb,3,0.825,False,False
val,sad/rafdb_90b9aa6596e53872.png,sad,rafdb,train,sad/aug_rafdb_2d166c80a16a3076.png,sad,augmented,3,0.754,False,False
val,sad/rafdb_920ea40292046dc2.png,sad,rafdb,train,angry/local_aeb852bc7c2a320c.png,angry,local,3,0.605,False,False
val,sad/rafdb_920ea40292046dc2.png,sad,rafdb,train,fear/aug_local_4e4848f0f3e49a13.png,fear,augmented,3,0.787,False,False
val,sad/rafdb_920ea40292046dc2.png,sad,rafdb,train,surprise/local_43416432b3f8ad85.png,surprise,local,3,0.662,False,False
val,sad/rafdb_e9a64694444c6a5d.png,sad,rafdb,train,happy/rafdb_4fe926d43456133f.png,happy,rafdb,3,0.608,False,False
val,sad/rafdb_e9a64694444c6a5d.png,sad,rafdb,train,happy/rafdb_69fe22e1cc72c77e.png,happy,rafdb,3,0.678,False,False
val,sad/rafdb_e9a64694444c6a5d.png,sad,rafdb,train,happy/rafdb_e8c6a48a60b9bd49.png,happy,rafdb,3,0.613,False,False
val,sad/rafdb_e9a64694444c6a5d.png,sad,rafdb,train,surprise/rafdb_c232f9a011acc591.png,surprise,rafdb,3,0.617,False,False
val,surprise/ckplus_2532e79a56f6053f.png,surprise,ckplus,train,surprise/ckplus_17b368d30b66f4ba.png,surprise,ckplus,3,0.897,True,False
val,surprise/ckplus_2532e79a56f6053f.png,surprise,ckplus,train,surprise/ckplus_6e835e9a843dc4cb.png,surprise,ckplus,3,0.71,True,False
val,surprise/ckplus_2a146618639e8201.png,surprise,ckplus,train,surprise/ckplus_5c00ce2837bc49aa.png,surprise,ckplus,3,0.85,True,False
val,surprise/ckplus_46ffe762215635b5.png,surprise,ckplus,train,surprise/ckplus_17b368d30b66f4ba.png,surprise,ckplus,3,0.899,True,False
val,surprise/ckplus_46ffe762215635b5.png,surprise,ckplus,train,surprise/ckplus_6e835e9a843dc4cb.png,surprise,ckplus,3,0.712,True,False
val,surprise/ckplus_4b8bdfd663911cf5.png,surprise,ckplus,train,disgust/aug_ckplus_cb9415c9eb778ee1.png,disgust,augmented,3,0.757,True,False
val,surprise/ckplus_4b8bdfd663911cf5.png,surprise,ckplus,train,surprise/ckplus_826973f4bf3907f0.png,surprise,ckplus,3,0.709,True,False
val,surprise/ckplus_4b8bdfd663911cf5.png,surprise,ckplus,train,surprise/local_8e7dbd6e28968ff4.png,surprise,local,3,0.771,False,False
val,surprise/ckplus_5b6e6bc4a0d5e7bf.png,surprise,ckplus,train,surprise/ckplus_241ffe40337a0a01.png,surprise,ckplus,3,0.808,True,False
val,surprise/ckplus_645b6554255b0f1e.png,surprise,ckplus,train,surprise/ckplus_42bb4c8849b6c2de.png,surprise,ckplus,3,0.855,True,False
val,surprise/ckplus_645b6554255b0f1e.png,surprise,ckplus,train,surprise/ckplus_7af17020ea8bacc9.png,surprise,ckplus,3,0.598,True,False
val,surprise/ckplus_645b6554255b0f1e.png,surprise,ckplus,train,surprise/ckplus_ba40383c3d39d263.png,surprise,ckplus,3,0.587,True,False
val,surprise/ckplus_823417c34e39868e.png,surprise,ckplus,train,neutral/aug_rafdb_0681bbe3849cb8df.png,neutral,augmented,3,0.686,False,False
val,surprise/ckplus_a2d2d15ef2344a36.png,surprise,ckplus,train,surprise/ckplus_17b368d30b66f4ba.png,surprise,ckplus,3,0.895,True,False
val,surprise/ckplus_a2d2d15ef2344a36.png,surprise,ckplus,train,surprise/ckplus_6e835e9a843dc4cb.png,surprise,ckplus,3,0.707,True,False
val,surprise/ckplus_a4b7a4d9a5d06f7f.png,surprise,ckplus,train,disgust/ckplus_57255a56b0f80279.png,disgust,ckplus,3,0.733,True,False
val,surprise/ckplus_a4b7a4d9a5d06f7f.png,surprise,ckplus,train,surprise/ckplus_812a04612983235f.png,surprise,ckplus,3,0.862,True,False
val,surprise/ckplus_a4b7a4d9a5d06f7f.png,surprise,ckplus,train,surprise/ckplus_c375289a1cb314b9.png,surprise,ckplus,3,0.863,True,False
val,surprise/ckplus_a4b7a4d9a5d06f7f.png,surprise,ckplus,train,surprise/ckplus_d1dbba5d5d57cd02.png,surprise,ckplus,3,0.865,True,False
val,surprise/ckplus_a4b7a4d9a5d06f7f.png,surprise,ckplus,train,surprise/local_8e7dbd6e28968ff4.png,surprise,local,3,0.726,False,False
val,surprise/ckplus_e9394851fbd1ffd9.png,surprise,ckplus,train,disgust/ckplus_57255a56b0f80279.png,disgust,ckplus,3,0.746,True,False
val,surprise/ckplus_e9394851fbd1ffd9.png,surprise,ckplus,train,surprise/ckplus_812a04612983235f.png,surprise,ckplus,3,0.867,True,False
val,surprise/ckplus_e9394851fbd1ffd9.png,surprise,ckplus,train,surprise/ckplus_c375289a1cb314b9.png,surprise,ckplus,3,0.868,True,False
val,surprise/ckplus_e9394851fbd1ffd9.png,surprise,ckplus,train,surprise/ckplus_d1dbba5d5d57cd02.png,surprise,ckplus,3,0.867,True,False
val,surprise/ckplus_e9394851fbd1ffd9.png,surprise,ckplus,train,surprise/local_8e7dbd6e28968ff4.png,surprise,local,3,0.757,False,False
val,surprise/ckplus_e947a5aae4492746.png,surprise,ckplus,train,happy/aug_rafdb_e8df500463ed8242.png,happy,augmented,3,0.622,False,False
val,surprise/local_1ac25b90856a1503.png,surprise,local,train,surprise/aug_local_790502efd3c097dd.png,surprise,augmented,3,0.602,False,False
val,surprise/local_1ac25b90856a1503.png,surprise,local,train,surprise/ckplus_826973f4bf3907f0.png,surprise,ckplus,3,0.693,False,False
val,surprise/local_2e84cbe550527cd2.png,surprise,local,train,angry/local_20048c2f09bce747.png,angry,local,3,0.736,False,False
val,surprise/local_b7e00e21e165588f.png,surprise,local,train,angry/local_12f41297ff332fc4.png,angry,local,3,0.76,False,False
val,surprise/rafdb_216d5988f3b9d5be.png,surprise,rafdb,train,disgust/ckplus_4583fc01570cb1b6.png,disgust,ckplus,3,0.575,False,False
val,surprise/rafdb_33e1398ed810f820.png,surprise,rafdb,train,happy/rafdb_780c1623693ffd7e.png,happy,rafdb,3,0.756,False,False
val,surprise/rafdb_3a27a7cc84cbea15.png,surprise,rafdb,train,angry/rafdb_b0d55c7b7cd92083.png,angry,rafdb,3,0.725,False,False
val,surprise/rafdb_3a27a7cc84cbea15.png,surprise,rafdb,train,disgust/rafdb_0cdb3d9adf22321e.png,disgust,rafdb,3,0.686,False,False
val,surprise/rafdb_3a27a7cc84cbea15.png,surprise,rafdb,train,happy/aug_rafdb_fc46a7ae2db7da7c.png,happy,augmented,3,0.658,False,False
val,surprise/rafdb_3a27a7cc84cbea15.png,surprise,rafdb,train,happy/rafdb_624a894a608609ab.png,happy,rafdb,3,0.615,False,False
val,surprise/rafdb_3a27a7cc84cbea15.png,surprise,rafdb,train,happy/rafdb_710ea8a702a6b6f8.png,happy,rafdb,3,0.712,False,False
val,surprise/rafdb_63d9bbf9b2078922.png,surprise,rafdb,train,happy/aug_rafdb_c6317470af672cff.png,happy,augmented,3,0.611,False,False
val,surprise/rafdb_63d9bbf9b2078922.png,surprise,rafdb,train,sad/aug_rafdb_00d3e78735712dd1.png,sad,augmented,3,0.62,False,False
val,surprise/rafdb_b541beac58223047.png,surprise,rafdb,train,angry/rafdb_5e77e48e6b9119f9.png,angry,rafdb,3,0.514,False,False
val,surprise/rafdb_b541beac58223047.png,surprise,rafdb,train,surprise/rafdb_98439b406492ab60.png,surprise,rafdb,3,0.644,False,False
val,surprise/rafdb_bc6b079c0ad2ba98.png,surprise,rafdb,train,happy/rafdb_fdb4c32d7ca71fc9.png,happy,rafdb,3,0.741,False,False
test,angry/ckplus_0df67e237ded3070.png,angry,ckplus,train,disgust/ckplus_fcef3f696ee6d605.png,disgust,ckplus,4,0.795,True,False
test,angry/ckplus_0df67e237ded3070.png,angry,ckplus,train,happy/ckplus_d5fcf278eb6cb107.png,happy,ckplus,4,0.712,True,False
test,angry/ckplus_282f07d66b3294e4.png,angry,ckplus,train,angry/ckplus_8388baec93b1343c.png,angry,ckplus,4,0.837,True,False
test,angry/ckplus_282f07d66b3294e4.png,angry,ckplus,train,disgust/affectnet_c18901c00d28c23b.png,disgust,affectnet,4,0.629,False,False
test,angry/ckplus_28e6f2b2b685eb24.png,angry,ckplus,train,disgust/ckplus_fcef3f696ee6d605.png,disgust,ckplus,4,0.792,True,False
test,angry/ckplus_28e6f2b2b685eb24.png,angry,ckplus,train,happy/ckplus_d5fcf278eb6cb107.png,happy,ckplus,4,0.685,True,False
test,angry/ckplus_8f25d6a83eb4f07b.png,angry,ckplus,train,angry/ckplus_8388baec93b1343c.png,angry,ckplus,4,0.835,True,False
test,angry/ckplus_8f25d6a83eb4f07b.png,angry,ckplus,train,disgust/affectnet_c18901c00d28c23b.png,disgust,affectnet,4,0.616,False,False
test,angry/ckplus_9d2bc6a147c18fa7.png,angry,ckplus,train,disgust/ckplus_6c1cd09255b51cef.png,disgust,ckplus,4,0.813,True,False
test,angry/ckplus_9d2bc6a147c18fa7.png,angry,ckplus,train,disgust/ckplus_d616307910df3ac9.png,disgust,ckplus,4,0.816,True,False
test,angry/ckplus_9d2bc6a147c18fa7.png,angry,ckplus,train,fear/local_8349d294a00391e6.png,fear,local,4,0.734,False,False
test,angry/ckplus_c089492de5b636b7.png,angry,ckplus,train,disgust/ckplus_6c1cd09255b51cef.png,disgust,ckplus,4,0.815,True,False
test,angry/ckplus_c089492de5b636b7.png,angry,ckplus,train,disgust/ckplus_d616307910df3ac9.png,disgust,ckplus,4,0.816,True,False
test,angry/ckplus_c089492de5b636b7.png,angry,ckplus,train,fear/local_8349d294a00391e6.png,fear,local,4,0.734,False,False
test,angry/ckplus_cc5ff6e3208f6add.png,angry,ckplus,train,disgust/ckplus_85a3962027e5e101.png,disgust,ckplus,4,0.789,True,False
test,angry/ckplus_cc5ff6e3208f6add.png,angry,ckplus,train,happy/ckplus_d5fcf278eb6cb107.png,happy,ckplus,4,0.713,True,False
test,angry/ckplus_dddb6d868d6c942b.png,angry,ckplus,train,disgust/affectnet_5ef5e6ab16ff6b75.png,disgust,affectnet,4,0.588,False,False
test,angry/ckplus_dddb6d868d6c942b.png,angry,ckplus,train,disgust/local_6c63422152a81c78.png,disgust,local,4,0.582,False,False
test,angry/ckplus_dddb6d868d6c942b.png,angry,ckplus,train,fear/aug_local_d9b66d10d72cf9b0.png,fear,augmented,4,0.717,False,False
test,angry/ckplus_dddb6d868d6c942b.png,angry,ckplus,train,neutral/local_252de706ed93fff9.png,neutral,local,4,0.696,False,False
test,angry/ckplus_dddb6d868d6c942b.png,angry,ckplus,val,angry/ckplus_85226d923eb97080.png,angry,ckplus,4,0.854,True,False
test,angry/ckplus_ed3724e6624f8bcf.png,angry,ckplus,train,angry/rafdb_21894c274f470d0f.png,angry,rafdb,4,0.617,False,False
test,angry/ckplus_ed3724e6624f8bcf.png,angry,ckplus,train,disgust/aug_local_60dc6612234903ba.png,disgust,augmented,4,0.769,False,False
test,angry/ckplus_ed3724e6624f8bcf.png,angry,ckplus,train,neutral/local_782bf0c1c9776e09.png,neutral,local,4,0.724,False,False
test,angry/ckplus_ed3724e6624f8bcf.png,angry,ckplus,train,surprise/ckplus_dfa69c00dfb9aad0.png,surprise,ckplus,4,0.769,True,False
test,angry/local_6480d163ce599664.png,angry,local,train,fear/local_12f2c62a78baa774.png,fear,local,4,0.664,False,False
test,angry/local_6480d163ce599664.png,angry,local,train,neutral/aug_local_30f510db7d48ceb7.png,neutral,augmented,4,0.574,False,False
test,angry/local_6480d163ce599664.png,angry,local,train,surprise/ckplus_1a3eb6d5b0b67a9a.png,surprise,ckplus,4,0.661,False,False
test,angry/local_f56523c20ceb7b32.png,angry,local,train,disgust/affectnet_5f2b550dee3ec70d.png,disgust,affectnet,4,0.724,False,False
test,angry/rafdb_7ad5f657b257ff84.png,angry,rafdb,train,disgust/affectnet_5c755c966fa0af8f.png,disgust,affectnet,4,0.561,False,False
test,angry/rafdb_be7a2b7bfe403949.png,angry,rafdb,train,fear/rafdb_f77eb8a945d24da4.png,fear,rafdb,4,0.658,False,False
test,angry/rafdb_cc3eeec7729c6103.png,angry,rafdb,train,disgust/rafdb_f1fa7898beac457d.png,disgust,rafdb,4,0.661,False,False
test,angry/rafdb_cc3eeec7729c6103.png,angry,rafdb,train,happy/rafdb_0824140c351942e1.png,happy,rafdb,4,0.745,False,False
test,angry/rafdb_cc3eeec7729c6103.png,angry,rafdb,train,sad/rafdb_87efa278f7bae778.png,sad,rafdb,4,0.708,False,False
test,angry/rafdb_cc3eeec7729c6103.png,angry,rafdb,train,surprise/aug_rafdb_415d797c8aa247f4.png,surprise,augmented,4,0.63,False,False
test,disgust/affectnet_10b6d5b80e3359ca.png,disgust,affectnet,train,neutral/aug_local_95e6210454e1e19b.png,neutral,augmented,4,0.643,False,False
test,disgust/affectnet_10b6d5b80e3359ca.png,disgust,affectnet,train,surprise/aug_local_790502efd3c097dd.png,surprise,augmented,4,0.662,False,False
test,disgust/affectnet_10b6d5b80e3359ca.png,disgust,affectnet,train,surprise/aug_local_bde2d84425ba5739.png,surprise,augmented,4,0.634,False,False
test,disgust/affectnet_1d45dc1afe49a078.png,disgust,affectnet,train,neutral/local_df24d31ac943be0d.png,neutral,local,4,0.703,False,False
test,disgust/affectnet_318f483354cb5b56.png,disgust,affectnet,train,disgust/aug_affectnet_8ac5769419cbb64f.png,disgust,augmented,4,0.658,False,False
test,disgust/affectnet_318f483354cb5b56.png,disgust,affectnet,train,disgust/local_6c63422152a81c78.png,disgust,local,4,0.59,False,False
test,disgust/affectnet_5f0b5e5edde0c3f1.png,disgust,affectnet,train,happy/rafdb_dba5f3ea05c9b7c5.png,happy,rafdb,4,0.666,False,False
test,disgust/affectnet_7dc521ae3b19de91.png,disgust,affectnet,train,sad/aug_local_d2b26d7ce6543a68.png,sad,augmented,4,0.686,False,False
test,disgust/affectnet_b3b69c996b0f8833.png,disgust,affectnet,train,angry/local_7e37bcdead5e1593.png,angry,local,4,0.593,False,False
test,disgust/affectnet_b3b69c996b0f8833.png,disgust,affectnet,train,surprise/local_76262889e11e9666.png,surprise,local,4,0.734,False,False
test,disgust/affectnet_e7fa325d3f939786.png,disgust,affectnet,train,disgust/affectnet_894dfcee2460318a.png,disgust,affectnet,4,0.716,False,False
test,disgust/affectnet_e7fa325d3f939786.png,disgust,affectnet,train,sad/aug_rafdb_8627e048a4587bcc.png,sad,augmented,4,0.611,False,False
test,disgust/ckplus_3572d80ea466cf11.png,disgust,ckplus,train,happy/ckplus_66c52faf47873843.png,happy,ckplus,4,0.808,True,False
test,disgust/ckplus_681e63eb592248a9.png,disgust,ckplus,train,angry/ckplus_e057f5f1c3d92a11.png,angry,ckplus,4,0.835,True,False
test,disgust/ckplus_681e63eb592248a9.png,disgust,ckplus,train,disgust/ckplus_157348e03a00a49c.png,disgust,ckplus,4,0.841,True,False
test,disgust/ckplus_681e63eb592248a9.png,disgust,ckplus,train,disgust/ckplus_2e5edf0d1783a502.png,disgust,ckplus,4,0.808,True,False
test,disgust/ckplus_681e63eb592248a9.png,disgust,ckplus,train,disgust/ckplus_a055ca6cc1d2a5f3.png,disgust,ckplus,4,0.838,True,False
test,disgust/ckplus_681e63eb592248a9.png,disgust,ckplus,train,surprise/ckplus_3bc4b09ef955b00c.png,surprise,ckplus,4,0.781,True,False
test,disgust/ckplus_a6860ce539dcffdc.png,disgust,ckplus,val,angry/ckplus_e73f53465d4cc960.png,angry,ckplus,4,0.847,True,False
test,disgust/ckplus_a6860ce539dcffdc.png,disgust,ckplus,val,angry/ckplus_f41d7a4bc2fff5f0.png,angry,ckplus,4,0.84,True,False
test,disgust/ckplus_c8d86d1494bb383b.png,disgust,ckplus,train,disgust/aug_affectnet_c18901c00d28c23b.png,disgust,augmented,4,0.681,False,False
test,disgust/ckplus_c8d86d1494bb383b.png,disgust,ckplus,train,disgust/ckplus_a055ca6cc1d2a5f3.png,disgust,ckplus,4,0.798,True,False
test,disgust/ckplus_c8d86d1494bb383b.png,disgust,ckplus,train,fear/local_d9b66d10d72cf9b0.png,fear,local,4,0.758,False,False
test,disgust/ckplus_c8d86d1494bb383b.png,disgust,ckplus,train,happy/ckplus_a71b3859d9a06a78.png,happy,ckplus,4,0.775,True,False
test,disgust/ckplus_c8d86d1494bb383b.png,disgust,ckplus,train,happy/ckplus_c8a3190d85eb6ecc.png,happy,ckplus,4,0.778,True,False
test,disgust/ckplus_c8d86d1494bb383b.png,disgust,ckplus,train,happy/ckplus_f3b31c1894cd3101.png,happy,ckplus,4,0.766,True,False
test,disgust/ckplus_c8d86d1494bb383b.png,disgust,ckplus,train,neutral/aug_local_d2e61d3ddfa03a55.png,neutral,augmented,4,0.82,False,False
test,disgust/ckplus_c8d86d1494bb383b.png,disgust,ckplus,val,surprise/local_62a9d45594bbcf1d.png,surprise,local,4,0.705,False,False
test,disgust/ckplus_f3d837ea2360f9bd.png,disgust,ckplus,train,disgust/aug_ckplus_11045147f4e4223a.png,disgust,augmented,4,0.783,True,False
test,disgust/ckplus_f768337b940d8360.png,disgust,ckplus,train,angry/aug_rafdb_ddd2871230659731.png,angry,augmented,4,0.726,False,False
test,disgust/ckplus_f768337b940d8360.png,disgust,ckplus,train,neutral/local_21b2c919db28f34a.png,neutral,local,4,0.741,False,False
test,disgust/ckplus_f768337b940d8360.png,disgust,ckplus,train,sad/local_37284533bd3eeab3.png,sad,local,4,0.794,False,False
test,disgust/ckplus_f768337b940d8360.png,disgust,ckplus,train,sad/local_9a3c32ff87169942.png,sad,local,4,0.675,False,False
test,disgust/ckplus_f9cbd3ab228bc157.png,disgust,ckplus,train,angry/ckplus_18eadaa5875190e5.png,angry,ckplus,4,0.754,True,False
test,disgust/ckplus_f9cbd3ab228bc157.png,disgust,ckplus,train,angry/ckplus_6d0facc9a77b7331.png,angry,ckplus,4,0.804,True,False
test,disgust/ckplus_f9cbd3ab228bc157.png,disgust,ckplus,train,angry/ckplus_e057f5f1c3d92a11.png,angry,ckplus,4,0.84,True,False
test,disgust/ckplus_f9cbd3ab228bc157.png,disgust,ckplus,train,angry/ckplus_ffa59da493233c00.png,angry,ckplus,4,0.805,True,False
test,disgust/ckplus_f9cbd3ab228bc157.png,disgust,ckplus,train,disgust/affectnet_db5ab80aaf5116a7.png,disgust,affectnet,4,0.78,False,False
test,disgust/ckplus_f9cbd3ab228bc157.png,disgust,ckplus,train,disgust/ckplus_114d99f9d51a665c.png,disgust,ckplus,4,0.874,True,False
test,disgust/ckplus_f9cbd3ab228bc157.png,disgust,ckplus,train,disgust/ckplus_157348e03a00a49c.png,disgust,ckplus,4,0.833,True,False
test,disgust/ckplus_f9cbd3ab228bc157.png,disgust,ckplus,train,disgust/ckplus_a055ca6cc1d2a5f3.png,disgust,ckplus,4,0.833,True,False
test,disgust/ckplus_f9cbd3ab228bc157.png,disgust,ckplus,train,fear/local_25fa5e1ebfa3e54e.png,fear,local,4,0.595,False,False
test,disgust/ckplus_f9cbd3ab228bc157.png,disgust,ckplus,train,happy/ckplus_5f2ff7aa27573be7.png,happy,ckplus,4,0.786,True,False
test,disgust/ckplus_f9cbd3ab228bc157.png,disgust,ckplus,train,neutral/aug_local_95e6210454e1e19b.png,neutral,augmented,4,0.51,False,False
test,disgust/ckplus_f9cbd3ab228bc157.png,disgust,ckplus,train,neutral/local_bfed87a4a9cfe3b0.png,neutral,local,4,0.665,False,False
test,disgust/ckplus_f9cbd3ab228bc157.png,disgust,ckplus,train,sad/ckplus_2465707da82fd464.png,sad,ckplus,4,0.85,True,False
test,disgust/ckplus_f9cbd3ab228bc157.png,disgust,ckplus,train,sad/ckplus_4f027a4c6d8f79c4.png,sad,ckplus,4,0.789,True,False
test,disgust/ckplus_f9cbd3ab228bc157.png,disgust,ckplus,train,surprise/ckplus_3339c7e4b09f12a8.png,surprise,ckplus,4,0.577,True,False
test,disgust/ckplus_f9cbd3ab228bc157.png,disgust,ckplus,train,surprise/ckplus_e4f895de20120ddf.png,surprise,ckplus,4,0.576,True,False
test,disgust/local_274497c5d07ad41c.png,disgust,local,train,disgust/affectnet_db5ab80aaf5116a7.png,disgust,affectnet,4,0.761,False,False
test,disgust/rafdb_5aeca13e9e768a98.png,disgust,rafdb,train,surprise/rafdb_e1838c890395444b.png,surprise,rafdb,4,0.606,False,False
test,disgust/rafdb_6ad87bb7c8c2a6a3.png,disgust,rafdb,train,sad/rafdb_40e75ddb95888daf.png,sad,rafdb,4,0.746,False,False
test,disgust/rafdb_9f03e440432b618a.png,disgust,rafdb,train,surprise/rafdb_8dd9f3fe1067fa3a.png,surprise,rafdb,4,0.726,False,False
test,disgust/rafdb_e313f27c7cc9f385.png,disgust,rafdb,train,disgust/rafdb_7fea5c7c514397f8.png,disgust,rafdb,4,0.713,False,False
test,disgust/rafdb_e313f27c7cc9f385.png,disgust,rafdb,train,happy/aug_rafdb_033f3b83990a6dea.png,happy,augmented,4,0.737,False,False
test,disgust/rafdb_e313f27c7cc9f385.png,disgust,rafdb,train,happy/rafdb_9dc5e170e0b72e4a.png,happy,rafdb,4,0.703,False,False
test,fear/affectnet_eb220d53933d640a.png,fear,affectnet,train,happy/aug_local_1f507c0bd8c0e630.png,happy,augmented,4,0.706,False,False
test,fear/affectnet_eb220d53933d640a.png,fear,affectnet,train,happy/aug_rafdb_b8bea22637087897.png,happy,augmented,4,0.622,False,False
test,fear/affectnet_eb220d53933d640a.png,fear,affectnet,train,happy/rafdb_f9b64d430263e786.png,happy,rafdb,4,0.562,False,False
test,fear/affectnet_eb220d53933d640a.png,fear,affectnet,train,neutral/local_48a3dd84ef402503.png,neutral,local,4,0.691,False,False
test,fear/affectnet_eb220d53933d640a.png,fear,affectnet,train,surprise/local_2029bab0687f81e3.png,surprise,local,4,0.651,False,False
test,fear/local_39387be28cbc2eb3.png,fear,local,train,fear/local_7c1bcb0b40e8ec5f.png,fear,local,4,0.823,False,False
test,fear/local_41948279b2f51f07.png,fear,local,train,surprise/local_4a6e46eaf46ea2dc.png,surprise,local,4,0.825,False,False
test,fear/rafdb_0af8b01bcdfcaed1.png,fear,rafdb,train,sad/rafdb_fcf67902c6c2be24.png,sad,rafdb,4,0.81,False,False
test,fear/rafdb_0af8b01bcdfcaed1.png,fear,rafdb,val,neutral/local_321a29afcc99ad32.png,neutral,local,4,0.749,False,False
test,fear/rafdb_6dc1dee6d422c4c5.png,fear,rafdb,val,angry/rafdb_ddef19e9eae8fc9d.png,angry,rafdb,4,0.814,False,False
test,happy/ckplus_0d0226fdcd34fbb1.png,happy,ckplus,train,disgust/ckplus_c9fbf8c55301d052.png,disgust,ckplus,4,0.808,True,False
test,happy/ckplus_0d0226fdcd34fbb1.png,happy,ckplus,train,happy/aug_ckplus_096063d24622a99f.png,happy,augmented,4,0.807,True,False
test,happy/ckplus_0d0226fdcd34fbb1.png,happy,ckplus,val,happy/ckplus_15895dc9bab08fec.png,happy,ckplus,4,0.887,True,False
test,happy/ckplus_0d0226fdcd34fbb1.png,happy,ckplus,val,happy/ckplus_6174fabcad994991.png,happy,ckplus,4,0.886,True,False
test,happy/ckplus_0d0226fdcd34fbb1.png,happy,ckplus,val,happy/ckplus_da0dc32800f6c2f1.png,happy,ckplus,4,0.862,True,False
test,happy/ckplus_1da42e31c742dffe.png,happy,ckplus,train,happy/ckplus_3b713142e3705d6d.png,happy,ckplus,4,0.787,True,False
test,happy/ckplus_5bc453244c9dbd69.png,happy,ckplus,train,disgust/ckplus_d46a7d335b04e89d.png,disgust,ckplus,4,0.813,True,False
test,happy/ckplus_5bc453244c9dbd69.png,happy,ckplus,train,happy/ckplus_02d06c5c7dee3584.png,happy,ckplus,4,0.864,True,False
test,happy/ckplus_5bc453244c9dbd69.png,happy,ckplus,train,happy/ckplus_258baa08150320b2.png,happy,ckplus,4,0.764,True,False
test,happy/ckplus_5bc453244c9dbd69.png,happy,ckplus,train,happy/ckplus_2f50a6cc9ba54382.png,happy,ckplus,4,0.782,True,False
test,happy/ckplus_5bc453244c9dbd69.png,happy,ckplus,train,happy/ckplus_498898e46aa80507.png,happy,ckplus,4,0.861,True,False
test,happy/ckplus_5bc453244c9dbd69.png,happy,ckplus,train,happy/ckplus_b6b070322bdb6dc4.png,happy,ckplus,4,0.773,True,False
test,happy/ckplus_5bc453244c9dbd69.png,happy,ckplus,train,happy/ckplus_b8b8d8595887a1b5.png,happy,ckplus,4,0.796,True,False
test,happy/ckplus_5bc453244c9dbd69.png,happy,ckplus,train,happy/ckplus_c338796254b5307d.png,happy,ckplus,4,0.857,True,False
test,happy/ckplus_5bc453244c9dbd69.png,happy,ckplus,train,happy/ckplus_d720f836b1a0c2c4.png,happy,ckplus,4,0.82,True,False
test,happy/ckplus_5bc453244c9dbd69.png,happy,ckplus,train,happy/ckplus_e2beffddf6681408.png,happy,ckplus,4,0.808,True,False
test,happy/ckplus_5bc453244c9dbd69.png,happy,ckplus,val,happy/ckplus_1448cea6eb8b47da.png,happy,ckplus,4,0.83,True,False
test,happy/ckplus_5bc453244c9dbd69.png,happy,ckplus,val,happy/ckplus_3f186ad410f0e840.png,happy,ckplus,4,0.838,True,False
test,happy/ckplus_5bc453244c9dbd69.png,happy,ckplus,val,happy/ckplus_860b10e06ee5debf.png,happy,ckplus,4,0.803,True,False
test,happy/ckplus_5bc453244c9dbd69.png,happy,ckplus,val,happy/ckplus_9a65de6796bdada9.png,happy,ckplus,4,0.801,True,False
test,happy/ckplus_5bc453244c9dbd69.png,happy,ckplus,val,happy/ckplus_f711153f7667c981.png,happy,ckplus,4,0.881,True,False
test,happy/ckplus_9ca8ec2b40241465.png,happy,ckplus,train,happy/ckplus_258baa08150320b2.png,happy,ckplus,4,0.827,True,False
test,happy/ckplus_9ca8ec2b40241465.png,happy,ckplus,train,happy/ckplus_5a47fa667c599a0c.png,happy,ckplus,4,0.74,True,False
test,happy/ckplus_9ca8ec2b40241465.png,happy,ckplus,train,happy/ckplus_5f2ff7aa27573be7.png,happy,ckplus,4,0.824,True,False
test,happy/ckplus_9ca8ec2b40241465.png,happy,ckplus,train,happy/ckplus_a71b3859d9a06a78.png,happy,ckplus,4,0.766,True,False
test,happy/ckplus_9ca8ec2b40241465.png,happy,ckplus,train,happy/ckplus_c8a3190d85eb6ecc.png,happy,ckplus,4,0.768,True,False
test,happy/ckplus_9ca8ec2b40241465.png,happy,ckplus,train,happy/ckplus_f3b31c1894cd3101.png,happy,ckplus,4,0.759,True,False
test,happy/ckplus_aecc1f7d32ea533c.png,happy,ckplus,train,happy/ckplus_258baa08150320b2.png,happy,ckplus,4,0.829,True,False
test,happy/ckplus_aecc1f7d32ea533c.png,happy,ckplus,train,happy/ckplus_5a47fa667c599a0c.png,happy,ckplus,4,0.736,True,False
test,happy/ckplus_aecc1f7d32ea533c.png,happy,ckplus,train,happy/ckplus_5f2ff7aa27573be7.png,happy,ckplus,4,0.82,True,False
test,happy/ckplus_aecc1f7d32ea533c.png,happy,ckplus,train,happy/ckplus_a71b3859d9a06a78.png,happy,ckplus,4,0.761,True,False
test,happy/ckplus_aecc1f7d32ea533c.png,happy,ckplus,train,happy/ckplus_c8a3190d85eb6ecc.png,happy,ckplus,4,0.762,True,False
test,happy/ckplus_aecc1f7d32ea533c.png,happy,ckplus,train,happy/ckplus_f3b31c1894cd3101.png,happy,ckplus,4,0.755,True,False
test,happy/ckplus_d5c67588d09e84a6.png,happy,ckplus,train,happy/ckplus_498898e46aa80507.png,happy,ckplus,4,0.781,True,False
test,happy/ckplus_d5c67588d09e84a6.png,happy,ckplus,train,happy/ckplus_a59e049581846092.png,happy,ckplus,4,0.881,True,False
test,happy/ckplus_dba638fd49034662.png,happy,ckplus,train,happy/ckplus_02d06c5c7dee3584.png,happy,ckplus,4,0.863,True,False
test,happy/ckplus_dba638fd49034662.png,happy,ckplus,train,happy/ckplus_2f50a6cc9ba54382.png,happy,ckplus,4,0.782,True,False
test,happy/ckplus_dba638fd49034662.png,happy,ckplus,train,happy/ckplus_498898e46aa80507.png,happy,ckplus,4,0.861,True,False
test,happy/ckplus_dba638fd49034662.png,happy,ckplus,train,happy/ckplus_5a47fa667c599a0c.png,happy,ckplus,4,0.76,True,False
test,happy/ckplus_dba638fd49034662.png,happy,ckplus,train,happy/ckplus_a71b3859d9a06a78.png,happy,ckplus,4,0.686,True,False
test,happy/ckplus_dba638fd49034662.png,happy,ckplus,train,happy/ckplus_b6b070322bdb6dc4.png,happy,ckplus,4,0.774,True,False
test,happy/ckplus_dba638fd49034662.png,happy,ckplus,train,happy/ckplus_b8b8d8595887a1b5.png,happy,ckplus,4,0.797,True,False
test,happy/ckplus_dba638fd49034662.png,happy,ckplus,train,happy/ckplus_c338796254b5307d.png,happy,ckplus,4,0.857,True,False
test,happy/ckplus_dba638fd49034662.png,happy,ckplus,train,happy/ckplus_c8a3190d85eb6ecc.png,happy,ckplus,4,0.688,True,False
test,happy/ckplus_dba638fd49034662.png,happy,ckplus,train,happy/ckplus_e16a38f62889b3a9.png,happy,ckplus,4,0.744,True,False
test,happy/ckplus_dba638fd49034662.png,happy,ckplus,train,happy/ckplus_e2beffddf6681408.png,happy,ckplus,4,0.809,True,False
test,happy/ckplus_dba638fd49034662.png,happy,ckplus,train,happy/ckplus_f3b31c1894cd3101.png,happy,ckplus,4,0.678,True,False
test,happy/ckplus_dba638fd49034662.png,happy,ckplus,val,happy/ckplus_f711153f7667c981.png,happy,ckplus,4,0.88,True,False
test,happy/ckplus_e4809ec1837828ce.png,happy,ckplus,train,happy/ckplus_258baa08150320b2.png,happy,ckplus,4,0.834,True,False
test,happy/ckplus_e4809ec1837828ce.png,happy,ckplus,train,happy/ckplus_5a47fa667c599a0c.png,happy,ckplus,4,0.738,True,False
test,happy/ckplus_e4809ec1837828ce.png,happy,ckplus,train,happy/ckplus_5f2ff7aa27573be7.png,happy,ckplus,4,0.829,True,False
test,happy/ckplus_e4809ec1837828ce.png,happy,ckplus,train,happy/ckplus_a71b3859d9a06a78.png,happy,ckplus,4,0.772,True,False
test,happy/ckplus_e4809ec1837828ce.png,happy,ckplus,train,happy/ckplus_c8a3190d85eb6ecc.png,happy,ckplus,4,0.774,True,False
test,happy/ckplus_e4809ec1837828ce.png,happy,ckplus,train,happy/ckplus_f3b31c1894cd3101.png,happy,ckplus,4,0.767,True,False
test,happy/local_54c9060114b717c2.png,happy,local,train,angry/aug_local_0a4e33926c3c8fe7.png,angry,augmented,4,0.559,False,False
test,happy/local_70af83241de75d8f.png,happy,local,train,neutral/local_8154a8dece350f2e.png,neutral,local,4,0.773,False,False
test,happy/local_dbf6ad86f9027a4d.png,happy,local,train,fear/affectnet_a8fe5abded381b9c.png,fear,affectnet,4,0.712,False,False
test,happy/rafdb_129de301397b7992.png,happy,rafdb,val,happy/rafdb_9c853e625d615342.png,happy,rafdb,4,0.45,False,False
test,happy/rafdb_14ab53efb389eb88.png,happy,rafdb,train,happy/aug_rafdb_16a433218a220290.png,happy,augmented,4,0.546,False,False
test,happy/rafdb_1f6c707e3978d714.png,happy,rafdb,train,fear/aug_rafdb_040cdf7f4c18245b.png,fear,augmented,4,0.547,False,False
test,happy/rafdb_1f6c707e3978d714.png,happy,rafdb,train,happy/rafdb_4fe926d43456133f.png,happy,rafdb,4,0.672,False,False
test,happy/rafdb_1f6c707e3978d714.png,happy,rafdb,train,happy/rafdb_e8c6a48a60b9bd49.png,happy,rafdb,4,0.722,False,False
test,happy/rafdb_1f6c707e3978d714.png,happy,rafdb,train,surprise/rafdb_a14360aca594e2e2.png,surprise,rafdb,4,0.532,False,False
test,happy/rafdb_1f6c707e3978d714.png,happy,rafdb,train,surprise/rafdb_c232f9a011acc591.png,surprise,rafdb,4,0.681,False,False
test,happy/rafdb_2265eccb7850eb39.png,happy,rafdb,val,happy/ckplus_175d26d2d79f89a2.png,happy,ckplus,4,0.691,False,False
test,happy/rafdb_2265eccb7850eb39.png,happy,rafdb,val,happy/ckplus_2228db2bb8f059db.png,happy,ckplus,4,0.693,False,False
test,happy/rafdb_4206497f15fe1036.png,happy,rafdb,train,happy/rafdb_0a544ff9951fd1ea.png,happy,rafdb,4,0.695,False,False
test,happy/rafdb_458d02cedd7a3058.png,happy,rafdb,train,disgust/affectnet_42cf9a468f71cf1f.png,disgust,affectnet,4,0.691,False,False
test,happy/rafdb_458d02cedd7a3058.png,happy,rafdb,train,fear/rafdb_ca2c011ecb871062.png,fear,rafdb,4,0.574,False,False
test,happy/rafdb_458d02cedd7a3058.png,happy,rafdb,train,happy/aug_rafdb_4fe926d43456133f.png,happy,augmented,4,0.763,False,False
test,happy/rafdb_458d02cedd7a3058.png,happy,rafdb,train,happy/aug_rafdb_c6317470af672cff.png,happy,augmented,4,0.726,False,False
test,happy/rafdb_458d02cedd7a3058.png,happy,rafdb,train,happy/rafdb_033f3b83990a6dea.png,happy,rafdb,4,0.758,False,False
test,happy/rafdb_458d02cedd7a3058.png,happy,rafdb,train,happy/rafdb_07e1c613a86d2f9f.png,happy,rafdb,4,0.693,False,False
test,happy/rafdb_458d02cedd7a3058.png,happy,rafdb,train,happy/rafdb_306eed2cd5ae6150.png,happy,rafdb,4,0.75,False,False
test,happy/rafdb_458d02cedd7a3058.png,happy,rafdb,train,happy/rafdb_5ee8f622b8cbd91c.png,happy,rafdb,4,0.654,False,False
test,happy/rafdb_458d02cedd7a3058.png,happy,rafdb,train,happy/rafdb_67d308ed9ac1024b.png,happy,rafdb,4,0.782,False,False
test,happy/rafdb_458d02cedd7a3058.png,happy,rafdb,train,happy/rafdb_69fe22e1cc72c77e.png,happy,rafdb,4,0.701,False,False
test,happy/rafdb_458d02cedd7a3058.png,happy,rafdb,train,happy/rafdb_b986049ff0fd5961.png,happy,rafdb,4,0.771,False,False
test,happy/rafdb_458d02cedd7a3058.png,happy,rafdb,train,happy/rafdb_c65477f6438623b2.png,happy,rafdb,4,0.763,False,False
test,happy/rafdb_458d02cedd7a3058.png,happy,rafdb,train,happy/rafdb_fe488a050b928e80.png,happy,rafdb,4,0.583,False,False
test,happy/rafdb_458d02cedd7a3058.png,happy,rafdb,train,surprise/local_21416166ba82487c.png,surprise,local,4,0.618,False,False
test,happy/rafdb_47c2bbaf05334ce0.png,happy,rafdb,train,happy/rafdb_9c6effef7a44d3de.png,happy,rafdb,4,0.709,False,False
test,happy/rafdb_6078cbe569187e9e.png,happy,rafdb,train,angry/rafdb_e8bc2bd69bb227a0.png,angry,rafdb,4,0.719,False,False
test,happy/rafdb_61e1ec7e3677a4d5.png,happy,rafdb,val,happy/rafdb_3fc7a207addf7804.png,happy,rafdb,4,0.56,False,False
test,happy/rafdb_68f6a1ae46502044.png,happy,rafdb,train,happy/aug_rafdb_3c59e7363932d14b.png,happy,augmented,4,0.76,False,False
test,happy/rafdb_68f6a1ae46502044.png,happy,rafdb,train,happy/rafdb_f0714a0e54af5f89.png,happy,rafdb,4,0.798,False,False
test,happy/rafdb_909d1802442bca24.png,happy,rafdb,train,disgust/rafdb_0a115a25695d8108.png,disgust,rafdb,4,0.693,False,False
test,happy/rafdb_9ff443a4c12a890c.png,happy,rafdb,train,happy/aug_rafdb_05de56e1d8c1e810.png,happy,augmented,4,0.661,False,False
test,happy/rafdb_9ff443a4c12a890c.png,happy,rafdb,train,happy/aug_rafdb_958e6be9004b37c5.png,happy,augmented,4,0.663,False,False
test,happy/rafdb_9ff443a4c12a890c.png,happy,rafdb,train,sad/aug_rafdb_a03c4eef986016dc.png,sad,augmented,4,0.641,False,False
test,happy/rafdb_9ff443a4c12a890c.png,happy,rafdb,train,sad/local_08ff7f226f8db6c2.png,sad,local,4,0.68,False,False
test,happy/rafdb_cf4d7f1bc71d718c.png,happy,rafdb,train,happy/aug_rafdb_e0b03a01837af94b.png,happy,augmented,4,0.811,False,False
test,happy/rafdb_d8319384ed80504d.png,happy,rafdb,train,sad/rafdb_4119ae731e5313fe.png,sad,rafdb,4,0.629,False,False
test,happy/rafdb_ef3c4eb2d7419b7b.png,happy,rafdb,train,neutral/local_3e3568d8027f16a3.png,neutral,local,4,0.604,False,False
test,happy/rafdb_f48cb9d37e793bba.png,happy,rafdb,train,fear/local_7c423fabfda5835d.png,fear,local,4,0.508,False,False
test,happy/rafdb_f48cb9d37e793bba.png,happy,rafdb,train,surprise/aug_local_16bf4a30a5edf567.png,surprise,augmented,4,0.604,False,False
test,happy/rafdb_fa8fd5a162f99727.png,happy,rafdb,train,angry/rafdb_ddd2871230659731.png,angry,rafdb,4,0.558,False,False
test,happy/rafdb_fa8fd5a162f99727.png,happy,rafdb,train,happy/rafdb_059025d46ed9fdf4.png,happy,rafdb,4,0.626,False,False
test,happy/rafdb_fa8fd5a162f99727.png,happy,rafdb,train,happy/rafdb_17a8d56328512cf7.png,happy,rafdb,4,0.718,False,False
test,happy/rafdb_fa8fd5a162f99727.png,happy,rafdb,train,happy/rafdb_1824f1f9870ff50d.png,happy,rafdb,4,0.504,False,False
test,happy/rafdb_fa8fd5a162f99727.png,happy,rafdb,train,happy/rafdb_1da2dcb9f9565d4f.png,happy,rafdb,4,0.586,False,False
test,happy/rafdb_fa8fd5a162f99727.png,happy,rafdb,train,happy/rafdb_2bcc925e57e130af.png,happy,rafdb,4,0.599,False,False
test,happy/rafdb_fa8fd5a162f99727.png,happy,rafdb,train,happy/rafdb_3c890446c1461c49.png,happy,rafdb,4,0.771,False,False
test,happy/rafdb_fa8fd5a162f99727.png,happy,rafdb,train,happy/rafdb_4fe926d43456133f.png,happy,rafdb,4,0.641,False,False
test,happy/rafdb_fa8fd5a162f99727.png,happy,rafdb,train,happy/rafdb_918a1f18046d475b.png,happy,rafdb,4,0.57,False,False
test,happy/rafdb_fa8fd5a162f99727.png,happy,rafdb,train,sad/rafdb_5e66f1e22b8d6bb1.png,sad,rafdb,4,0.689,False,False
test,neutral/local_2e6c0d06965bd87c.png,neutral,local,train,angry/local_2aa06e9db0b27f3b.png,angry,local,4,0.336,False,False
test,neutral/local_33af3058eb080419.png,neutral,local,train,fear/local_6eb3f9cf21021a3d.png,fear,local,4,0.678,False,False
test,neutral/local_56f8f1dc604b032d.png,neutral,local,train,angry/affectnet_08c99666d2e5eaa4.png,angry,affectnet,4,0.827,False,False
test,neutral/local_56f8f1dc604b032d.png,neutral,local,val,disgust/affectnet_1b1ef28ab29f1a3c.png,disgust,affectnet,4,0.759,False,False
test,neutral/local_5a91a150f91d1eb5.png,neutral,local,train,disgust/rafdb_5505dbb0b4569820.png,disgust,rafdb,4,0.542,False,False
test,neutral/local_68a94d4cb6378146.png,neutral,local,train,sad/aug_rafdb_b403052996263d79.png,sad,augmented,4,0.762,False,False
test,neutral/local_7011486674208fce.png,neutral,local,train,disgust/ckplus_d46a7d335b04e89d.png,disgust,ckplus,4,0.676,False,False
test,neutral/local_7011486674208fce.png,neutral,local,train,fear/ckplus_620a1107f29e996d.png,fear,ckplus,4,0.51,False,False
test,neutral/local_7011486674208fce.png,neutral,local,train,happy/ckplus_1ef127f1f5f2ae0d.png,happy,ckplus,4,0.511,False,False
test,neutral/local_7011486674208fce.png,neutral,local,train,happy/ckplus_82ce58492c98fc88.png,happy,ckplus,4,0.51,False,False
test,neutral/local_7011486674208fce.png,neutral,local,train,happy/ckplus_aeb27fc349573de3.png,happy,ckplus,4,0.502,False,False
test,neutral/local_7011486674208fce.png,neutral,local,val,happy/ckplus_860b10e06ee5debf.png,happy,ckplus,4,0.585,False,False
test,neutral/local_7011486674208fce.png,neutral,local,val,happy/ckplus_98c251b6e74bfdf1.png,happy,ckplus,4,0.499,False,False
test,neutral/local_7011486674208fce.png,neutral,local,val,happy/ckplus_9a65de6796bdada9.png,happy,ckplus,4,0.597,False,False
test,neutral/local_9d243130bf221370.png,neutral,local,train,angry/aug_local_373e1bcb297cc7d5.png,angry,augmented,4,0.652,False,False
test,neutral/local_d5cedfcf3cdf3f6c.png,neutral,local,train,angry/ckplus_51f3c946a4e1b10e.png,angry,ckplus,4,0.806,False,False
test,neutral/local_d5cedfcf3cdf3f6c.png,neutral,local,train,disgust/local_f219d262598cbb2f.png,disgust,local,4,0.696,False,False
test,neutral/local_de3434a93fbf7c9b.png,neutral,local,val,angry/local_886426fa71ee8828.png,angry,local,4,0.779,False,False
test,neutral/rafdb_8ea7319a0834f8bc.png,neutral,rafdb,train,neutral/rafdb_eb0a9c9abcf84314.png,neutral,rafdb,4,0.785,False,False
test,neutral/rafdb_8ea7319a0834f8bc.png,neutral,rafdb,train,surprise/local_5c45c021b66cbe13.png,surprise,local,4,0.825,False,False
test,neutral/rafdb_8ea7319a0834f8bc.png,neutral,rafdb,val,surprise/rafdb_131d5c076816f908.png,surprise,rafdb,4,0.605,False,False
test,neutral/rafdb_f3ba6f4f7ae5cc68.png,neutral,rafdb,train,angry/rafdb_21894c274f470d0f.png,angry,rafdb,4,0.588,False,False
test,neutral/rafdb_f3ba6f4f7ae5cc68.png,neutral,rafdb,train,disgust/aug_ckplus_cc55696fd4d7f3ce.png,disgust,augmented,4,0.803,False,False
test,neutral/rafdb_f3ba6f4f7ae5cc68.png,neutral,rafdb,val,sad/rafdb_4048b202f3d2688e.png,sad,rafdb,4,0.772,False,False
test,sad/ckplus_190344838efd85a1.png,sad,ckplus,train,surprise/ckplus_5c00ce2837bc49aa.png,surprise,ckplus,4,0.758,True,False
test,sad/ckplus_5303683259727218.png,sad,ckplus,train,angry/ckplus_6d4de3581c035390.png,angry,ckplus,4,0.89,True,False
test,sad/ckplus_5303683259727218.png,sad,ckplus,train,fear/local_d9b66d10d72cf9b0.png,fear,local,4,0.763,False,False
test,sad/ckplus_797049e12a63b36e.png,sad,ckplus,train,angry/aug_affectnet_89a566bffa465eb2.png,angry,augmented,4,0.83,False,False
test,sad/ckplus_797049e12a63b36e.png,sad,ckplus,train,angry/ckplus_15595e1c92429b3e.png,angry,ckplus,4,0.892,True,False
test,sad/ckplus_797049e12a63b36e.png,sad,ckplus,train,angry/ckplus_d62f0fb6110e32fc.png,angry,ckplus,4,0.885,True,False
test,sad/ckplus_797049e12a63b36e.png,sad,ckplus,train,disgust/affectnet_5ef5e6ab16ff6b75.png,disgust,affectnet,4,0.669,False,False
test,sad/ckplus_797049e12a63b36e.png,sad,ckplus,train,disgust/aug_ckplus_2fe80e22d89bb553.png,disgust,augmented,4,0.872,True,False
test,sad/ckplus_797049e12a63b36e.png,sad,ckplus,train,sad/ckplus_7110d935f1f3c303.png,sad,ckplus,4,0.855,True,False
test,sad/ckplus_797049e12a63b36e.png,sad,ckplus,train,sad/ckplus_ae31a46d0c30f00c.png,sad,ckplus,4,0.852,True,False
test,sad/ckplus_797049e12a63b36e.png,sad,ckplus,train,surprise/ckplus_92dbc55252bef9bd.png,surprise,ckplus,4,0.786,True,False
test,sad/local_0fbd55e06ba08867.png,sad,local,train,angry/aug_ckplus_79b606cedf4a4c93.png,angry,augmented,4,0.719,False,False
test,sad/local_0fbd55e06ba08867.png,sad,local,train,disgust/ckplus_ecdf2edfa5753043.png,disgust,ckplus,4,0.468,False,False
test,sad/local_0fbd55e06ba08867.png,sad,local,train,neutral/local_96a6da8875387622.png,neutral,local,4,0.429,False,False
test,sad/local_0fbd55e06ba08867.png,sad,local,train,sad/ckplus_276593dd7caf3329.png,sad,ckplus,4,0.146,False,False
test,sad/local_0fbd55e06ba08867.png,sad,local,val,happy/ckplus_860b10e06ee5debf.png,happy,ckplus,4,0.604,False,False
test,sad/local_0fbd55e06ba08867.png,sad,local,val,happy/ckplus_9a65de6796bdada9.png,happy,ckplus,4,0.612,False,False
test,sad/local_55a5b1f08b263b61.png,sad,local,val,fear/local_821c3cd62d4fa611.png,fear,local,4,0.464,False,False
test,sad/local_d95c71c87711c8da.png,sad,local,train,angry/local_5300f11c7d85ea79.png,angry,local,4,0.603,False,False
test,sad/rafdb_0995930684b6ea17.png,sad,rafdb,train,sad/aug_rafdb_3565c08cb27a3067.png,sad,augmented,4,0.688,False,False
test,sad/rafdb_0995930684b6ea17.png,sad,rafdb,train,sad/rafdb_5b15713098dedf69.png,sad,rafdb,4,0.732,False,False
test,sad/rafdb_0995930684b6ea17.png,sad,rafdb,val,neutral/local_321a29afcc99ad32.png,neutral,local,4,0.56,False,False
test,sad/rafdb_17825f4a91e6578d.png,sad,rafdb,train,surprise/rafdb_717d8b58a8d71330.png,surprise,rafdb,4,0.709,False,False
test,sad/rafdb_17825f4a91e6578d.png,sad,rafdb,val,surprise/rafdb_1b1a135e4a7be60c.png,surprise,rafdb,4,0.703,False,False
test,sad/rafdb_639efe6b353f55c3.png,sad,rafdb,train,angry/local_446962adf10bedc9.png,angry,local,4,0.776,False,False
test,sad/rafdb_639efe6b353f55c3.png,sad,rafdb,train,disgust/affectnet_795d4bb76da8c518.png,disgust,affectnet,4,0.723,False,False
test,sad/rafdb_639efe6b353f55c3.png,sad,rafdb,train,fear/aug_local_1b9bed938b1c926f.png,fear,augmented,4,0.645,False,False
test,sad/rafdb_639efe6b353f55c3.png,sad,rafdb,val,neutral/local_321a29afcc99ad32.png,neutral,local,4,0.759,False,False
test,sad/rafdb_7d17c29db8e017d1.png,sad,rafdb,train,sad/rafdb_fcf67902c6c2be24.png,sad,rafdb,4,0.729,False,False
test,sad/rafdb_7e9629b1e56c4f92.png,sad,rafdb,train,happy/aug_rafdb_650e4215330bb2a6.png,happy,augmented,4,0.58,False,False
test,sad/rafdb_a7a707fc9a13ab25.png,sad,rafdb,train,angry/rafdb_5e77e48e6b9119f9.png,angry,rafdb,4,0.213,False,False
test,sad/rafdb_a7a707fc9a13ab25.png,sad,rafdb,train,happy/aug_rafdb_0f58a4a965d074d0.png,happy,augmented,4,0.557,False,False
test,sad/rafdb_a7a707fc9a13ab25.png,sad,rafdb,train,happy/rafdb_6c426be1bfca2d79.png,happy,rafdb,4,0.617,False,False
test,sad/rafdb_a7a707fc9a13ab25.png,sad,rafdb,train,neutral/aug_local_909827895303e044.png,neutral,augmented,4,0.523,False,False
test,sad/rafdb_a7a707fc9a13ab25.png,sad,rafdb,train,neutral/local_d0fdf07246000cf5.png,neutral,local,4,0.633,False,False
test,sad/rafdb_a7a707fc9a13ab25.png,sad,rafdb,train,surprise/rafdb_3dc216602d520955.png,surprise,rafdb,4,0.63,False,False
test,sad/rafdb_ab768dc1e8010dd7.png,sad,rafdb,train,happy/rafdb_d9d7f921e7643321.png,happy,rafdb,4,0.761,False,False
test,surprise/ckplus_0011e492f4420058.png,surprise,ckplus,train,angry/local_20048c2f09bce747.png,angry,local,4,0.748,False,False
test,surprise/ckplus_0011e492f4420058.png,surprise,ckplus,train,disgust/affectnet_f5a739f15bbff333.png,disgust,affectnet,4,0.767,False,False
test,surprise/ckplus_0011e492f4420058.png,surprise,ckplus,train,disgust/local_991d6481babb3feb.png,disgust,local,4,0.764,False,False
test,surprise/ckplus_0011e492f4420058.png,surprise,ckplus,train,neutral/local_7599330d89571b9d.png,neutral,local,4,0.752,False,False
test,surprise/ckplus_0011e492f4420058.png,surprise,ckplus,val,surprise/local_6774f0227a0f3877.png,surprise,local,4,0.597,False,False
test,surprise/ckplus_4f60d1384b60ddea.png,surprise,ckplus,train,surprise/ckplus_01f33d242c0ea0da.png,surprise,ckplus,4,0.845,True,False
test,surprise/ckplus_4f60d1384b60ddea.png,surprise,ckplus,train,surprise/ckplus_63b20200f5b282d5.png,surprise,ckplus,4,0.78,True,False
test,surprise/ckplus_7edfa2bfd7e85995.png,surprise,ckplus,train,surprise/ckplus_07230bcfb74683d2.png,surprise,ckplus,4,0.787,True,False
test,surprise/ckplus_7edfa2bfd7e85995.png,surprise,ckplus,train,surprise/ckplus_2943d0e8bdbdbde5.png,surprise,ckplus,4,0.805,True,False
test,surprise/ckplus_7edfa2bfd7e85995.png,surprise,ckplus,train,surprise/ckplus_2af0df67dbf3f401.png,surprise,ckplus,4,0.679,True,False
test,surprise/ckplus_7edfa2bfd7e85995.png,surprise,ckplus,train,surprise/ckplus_42bb4c8849b6c2de.png,surprise,ckplus,4,0.74,True,False
test,surprise/ckplus_7edfa2bfd7e85995.png,surprise,ckplus,train,surprise/ckplus_4de0b11b4046da6e.png,surprise,ckplus,4,0.783,True,False
test,surprise/ckplus_7edfa2bfd7e85995.png,surprise,ckplus,train,surprise/ckplus_aceba7aa033202da.png,surprise,ckplus,4,0.812,True,False
test,surprise/ckplus_7edfa2bfd7e85995.png,surprise,ckplus,train,surprise/ckplus_c999e8e6fbf04503.png,surprise,ckplus,4,0.814,True,False
test,surprise/ckplus_7edfa2bfd7e85995.png,surprise,ckplus,train,surprise/ckplus_def87f783fd61021.png,surprise,ckplus,4,0.719,True,False
test,surprise/ckplus_7edfa2bfd7e85995.png,surprise,ckplus,val,surprise/ckplus_2532e79a56f6053f.png,surprise,ckplus,4,0.78,True,False
test,surprise/ckplus_7edfa2bfd7e85995.png,surprise,ckplus,val,surprise/ckplus_46ffe762215635b5.png,surprise,ckplus,4,0.774,True,False
test,surprise/ckplus_7edfa2bfd7e85995.png,surprise,ckplus,val,surprise/ckplus_a2d2d15ef2344a36.png,surprise,ckplus,4,0.779,True,False
test,surprise/ckplus_7edfa2bfd7e85995.png,surprise,ckplus,val,surprise/ckplus_b8236139b20c22ff.png,surprise,ckplus,4,0.739,True,False
test,surprise/ckplus_95e95f936e0a9258.png,surprise,ckplus,train,surprise/ckplus_07230bcfb74683d2.png,surprise,ckplus,4,0.8,True,False
test,surprise/ckplus_95e95f936e0a9258.png,surprise,ckplus,train,surprise/ckplus_2943d0e8bdbdbde5.png,surprise,ckplus,4,0.829,True,False
test,surprise/ckplus_95e95f936e0a9258.png,surprise,ckplus,train,surprise/ckplus_2af0df67dbf3f401.png,surprise,ckplus,4,0.701,True,False
test,surprise/ckplus_95e95f936e0a9258.png,surprise,ckplus,train,surprise/ckplus_42bb4c8849b6c2de.png,surprise,ckplus,4,0.768,True,False
test,surprise/ckplus_95e95f936e0a9258.png,surprise,ckplus,train,surprise/ckplus_4de0b11b4046da6e.png,surprise,ckplus,4,0.802,True,False
test,surprise/ckplus_95e95f936e0a9258.png,surprise,ckplus,train,surprise/ckplus_8a9dccd471cd142d.png,surprise,ckplus,4,0.792,True,False
test,surprise/ckplus_95e95f936e0a9258.png,surprise,ckplus,train,surprise/ckplus_aceba7aa033202da.png,surprise,ckplus,4,0.826,True,False
test,surprise/ckplus_95e95f936e0a9258.png,surprise,ckplus,train,surprise/ckplus_c999e8e6fbf04503.png,surprise,ckplus,4,0.83,True,False
test,surprise/ckplus_95e95f936e0a9258.png,surprise,ckplus,train,surprise/ckplus_def87f783fd61021.png,surprise,ckplus,4,0.748,True,False
test,surprise/ckplus_95e95f936e0a9258.png,surprise,ckplus,val,surprise/ckplus_2532e79a56f6053f.png,surprise,ckplus,4,0.806,True,False
test,surprise/ckplus_95e95f936e0a9258.png,surprise,ckplus,val,surprise/ckplus_46ffe762215635b5.png,surprise,ckplus,4,0.801,True,False
test,surprise/ckplus_95e95f936e0a9258.png,surprise,ckplus,val,surprise/ckplus_a2d2d15ef2344a36.png,surprise,ckplus,4,0.805,True,False
test,surprise/ckplus_95e95f936e0a9258.png,surprise,ckplus,val,surprise/ckplus_b8236139b20c22ff.png,surprise,ckplus,4,0.766,True,False
test,surprise/ckplus_9b7ab8ed58deceda.png,surprise,ckplus,train,fear/aug_ckplus_0fc6b30e04b0793c.png,fear,augmented,4,0.686,True,False
test,surprise/ckplus_9b7ab8ed58deceda.png,surprise,ckplus,train,surprise/ckplus_797091979d4c6a89.png,surprise,ckplus,4,0.781,True,False
test,surprise/ckplus_cfca2295e4ebe8f3.png,surprise,ckplus,train,happy/aug_rafdb_05de56e1d8c1e810.png,happy,augmented,4,0.697,False,False
test,surprise/ckplus_cfca2295e4ebe8f3.png,surprise,ckplus,val,surprise/local_6774f0227a0f3877.png,surprise,local,4,0.604,False,False
test,surprise/ckplus_db2fd17364854cda.png,surprise,ckplus,train,fear/aug_ckplus_0fc6b30e04b0793c.png,fear,augmented,4,0.681,True,False
test,surprise/ckplus_db2fd17364854cda.png,surprise,ckplus,train,surprise/ckplus_797091979d4c6a89.png,surprise,ckplus,4,0.786,True,False
test,surprise/ckplus_db2fd17364854cda.png,surprise,ckplus,val,surprise/ckplus_5b6e6bc4a0d5e7bf.png,surprise,ckplus,4,0.793,True,False
test,surprise/ckplus_f2abf14d0a7bc52b.png,surprise,ckplus,train,surprise/ckplus_07230bcfb74683d2.png,surprise,ckplus,4,0.791,True,False
test,surprise/ckplus_f2abf14d0a7bc52b.png,surprise,ckplus,train,surprise/ckplus_2943d0e8bdbdbde5.png,surprise,ckplus,4,0.83,True,False
test,surprise/ckplus_f2abf14d0a7bc52b.png,surprise,ckplus,train,surprise/ckplus_2af0df67dbf3f401.png,surprise,ckplus,4,0.695,True,False
test,surprise/ckplus_f2abf14d0a7bc52b.png,surprise,ckplus,train,surprise/ckplus_42bb4c8849b6c2de.png,surprise,ckplus,4,0.766,True,False
test,surprise/ckplus_f2abf14d0a7bc52b.png,surprise,ckplus,train,surprise/ckplus_4de0b11b4046da6e.png,surprise,ckplus,4,0.802,True,False
test,surprise/ckplus_f2abf14d0a7bc52b.png,surprise,ckplus,train,surprise/ckplus_8a9dccd471cd142d.png,surprise,ckplus,4,0.781,True,False
test,surprise/ckplus_f2abf14d0a7bc52b.png,surprise,ckplus,train,surprise/ckplus_aceba7aa033202da.png,surprise,ckplus,4,0.828,True,False
test,surprise/ckplus_f2abf14d0a7bc52b.png,surprise,ckplus,train,surprise/ckplus_c999e8e6fbf04503.png,surprise,ckplus,4,0.827,True,False
test,surprise/ckplus_f2abf14d0a7bc52b.png,surprise,ckplus,train,surprise/ckplus_def87f783fd61021.png,surprise,ckplus,4,0.75,True,False
test,surprise/ckplus_f2abf14d0a7bc52b.png,surprise,ckplus,val,surprise/ckplus_2532e79a56f6053f.png,surprise,ckplus,4,0.808,True,False
test,surprise/ckplus_f2abf14d0a7bc52b.png,surprise,ckplus,val,surprise/ckplus_46ffe762215635b5.png,surprise,ckplus,4,0.803,True,False
test,surprise/ckplus_f2abf14d0a7bc52b.png,surprise,ckplus,val,surprise/ckplus_a2d2d15ef2344a36.png,surprise,ckplus,4,0.805,True,False
test,surprise/ckplus_f2abf14d0a7bc52b.png,surprise,ckplus,val,surprise/ckplus_b8236139b20c22ff.png,surprise,ckplus,4,0.765,True,False
test,surprise/local_0ce38b2ce8553085.png,surprise,local,val,disgust/affectnet_49f18896280d634e.png,disgust,affectnet,4,0.67,False,False
test,surprise/local_14e8ac2b7b3d7e5d.png,surprise,local,train,happy/aug_rafdb_a346d6063bfc5933.png,happy,augmented,4,0.722,False,False
test,surprise/local_14e8ac2b7b3d7e5d.png,surprise,local,train,happy/local_1f507c0bd8c0e630.png,happy,local,4,0.743,False,False
test,surprise/local_14e8ac2b7b3d7e5d.png,surprise,local,train,sad/rafdb_d89d1cfd87873aaa.png,sad,rafdb,4,0.66,False,False
test,surprise/local_14e8ac2b7b3d7e5d.png,surprise,local,train,surprise/aug_local_a1d7abd96bb0b67c.png,surprise,augmented,4,0.743,False,False
test,surprise/local_a706ae560c80fad7.png,surprise,local,val,surprise/local_12c7f6da7d92888c.png,surprise,local,4,0.777,False,False
test,surprise/local_d5f4a9bccc477a21.png,surprise,local,train,surprise/ckplus_2af0df67dbf3f401.png,surprise,ckplus,4,0.59,False,False
test,surprise/rafdb_4e0f8e5a65c9d762.png,surprise,rafdb,train,angry/rafdb_7ae273da668e77d7.png,angry,rafdb,4,0.45,False,False
test,surprise/rafdb_4e0f8e5a65c9d762.png,surprise,rafdb,train,happy/aug_rafdb_9dc5e170e0b72e4a.png,happy,augmented,4,0.516,False,False
test,surprise/rafdb_4e0f8e5a65c9d762.png,surprise,rafdb,train,happy/rafdb_4fe926d43456133f.png,happy,rafdb,4,0.635,False,False
test,surprise/rafdb_4e0f8e5a65c9d762.png,surprise,rafdb,train,happy/rafdb_69fe22e1cc72c77e.png,happy,rafdb,4,0.663,False,False
test,surprise/rafdb_4e0f8e5a65c9d762.png,surprise,rafdb,train,happy/rafdb_918a1f18046d475b.png,happy,rafdb,4,0.565,False,False
test,surprise/rafdb_5b35705e97059c38.png,surprise,rafdb,train,sad/aug_rafdb_6c770856807b32ab.png,sad,augmented,4,0.539,False,False
test,surprise/rafdb_60a8ba303aa8bca3.png,surprise,rafdb,train,surprise/rafdb_42884a0308b53f31.png,surprise,rafdb,4,0.702,False,False
test,surprise/rafdb_7ddfa0de6fe31795.png,surprise,rafdb,train,happy/aug_rafdb_2c3073d7bfa12069.png,happy,augmented,4,0.593,False,False
test,surprise/rafdb_7ddfa0de6fe31795.png,surprise,rafdb,train,happy/rafdb_9dc5e170e0b72e4a.png,happy,rafdb,4,0.602,False,False
test,surprise/rafdb_7ddfa0de6fe31795.png,surprise,rafdb,train,surprise/aug_rafdb_415d797c8aa247f4.png,surprise,augmented,4,0.647,False,False
test,surprise/rafdb_7ddfa0de6fe31795.png,surprise,rafdb,train,surprise/rafdb_a14360aca594e2e2.png,surprise,rafdb,4,0.631,False,False
test,surprise/rafdb_b194385b2952fa88.png,surprise,rafdb,train,neutral/local_48a3dd84ef402503.png,neutral,local,4,0.718,False,False
test,surprise/rafdb_b194385b2952fa88.png,surprise,rafdb,train,sad/rafdb_e2638392bde1cc75.png,sad,rafdb,4,0.695,False,False
test,surprise/rafdb_e3f15e45f9abf6d4.png,surprise,rafdb,train,happy/rafdb_5713031e423379ca.png,happy,rafdb,4,0.549,False,False
val,angry/affectnet_df029cc1171ee42f.png,angry,affectnet,train,surprise/aug_local_8f63a677ba90b65e.png,surprise,augmented,4,0.747,False,False
val,angry/ckplus_40c3eff4342053fb.png,angry,ckplus,train,angry/ckplus_04a464d96dea0a7c.png,angry,ckplus,4,0.828,True,False
val,angry/ckplus_40c3eff4342053fb.png,angry,ckplus,train,angry/ckplus_6e78a6bb34d41ed8.png,angry,ckplus,4,0.777,True,False
val,angry/ckplus_40c3eff4342053fb.png,angry,ckplus,train,angry/local_baadf1eb7b792ff3.png,angry,local,4,0.686,False,False
val,angry/ckplus_40c3eff4342053fb.png,angry,ckplus,train,neutral/local_d57aa55a6b99abfb.png,neutral,local,4,0.724,False,False
val,angry/ckplus_4e761c6fcb78b4e0.png,angry,ckplus,train,angry/local_3c46b81313cb974e.png,angry,local,4,0.763,False,False
val,angry/ckplus_4e761c6fcb78b4e0.png,angry,ckplus,train,disgust/ckplus_e6e0d35c769cb4a3.png,disgust,ckplus,4,0.813,True,False
val,angry/ckplus_4e761c6fcb78b4e0.png,angry,ckplus,train,neutral/local_81b269cbfcbe43a6.png,neutral,local,4,0.755,False,False
val,angry/ckplus_4e761c6fcb78b4e0.png,angry,ckplus,train,sad/ckplus_a84b14d774a9b8ef.png,sad,ckplus,4,0.856,True,False
val,angry/ckplus_85226d923eb97080.png,angry,ckplus,train,sad/ckplus_3c757762169fb57c.png,sad,ckplus,4,0.826,True,False
val,angry/ckplus_ba04d876ae7ca348.png,angry,ckplus,train,disgust/aug_ckplus_2fe80e22d89bb553.png,disgust,augmented,4,0.841,True,False
val,angry/ckplus_ba04d876ae7ca348.png,angry,ckplus,train,disgust/ckplus_66e7ae94e897a099.png,disgust,ckplus,4,0.871,True,False
val,angry/ckplus_e07add30d5746a88.png,angry,ckplus,train,angry/ckplus_04a464d96dea0a7c.png,angry,ckplus,4,0.825,True,False
val,angry/ckplus_e07add30d5746a88.png,angry,ckplus,train,angry/ckplus_6e78a6bb34d41ed8.png,angry,ckplus,4,0.773,True,False
val,angry/ckplus_e07add30d5746a88.png,angry,ckplus,train,angry/local_baadf1eb7b792ff3.png,angry,local,4,0.685,False,False
val,angry/ckplus_e07add30d5746a88.png,angry,ckplus,train,neutral/local_d57aa55a6b99abfb.png,neutral,local,4,0.73,False,False
val,angry/ckplus_e73f53465d4cc960.png,angry,ckplus,train,neutral/aug_local_95e6210454e1e19b.png,neutral,augmented,4,0.461,False,False
val,angry/ckplus_e73f53465d4cc960.png,angry,ckplus,train,surprise/local_38bd037029bedc32.png,surprise,local,4,0.738,False,False
val,angry/ckplus_f41d7a4bc2fff5f0.png,angry,ckplus,train,surprise/local_38bd037029bedc32.png,surprise,local,4,0.735,False,False
val,angry/local_16fc6878ebc9c001.png,angry,local,train,surprise/ckplus_7127e6786e1468bb.png,surprise,ckplus,4,0.729,False,False
val,angry/local_2dc6e11407d1da76.png,angry,local,train,neutral/rafdb_717ce877f8305510.png,neutral,rafdb,4,0.727,False,False
val,angry/local_71f9cfc437100551.png,angry,local,train,happy/aug_local_7a35ee20a7505e66.png,happy,augmented,4,0.772,False,False
val,angry/local_71f9cfc437100551.png,angry,local,train,happy/rafdb_b1353113ef88edff.png,happy,rafdb,4,0.786,False,False
val,angry/local_71f9cfc437100551.png,angry,local,train,neutral/aug_local_aea72ad4d5716a3a.png,neutral,augmented,4,0.754,False,False
val,angry/local_886426fa71ee8828.png,angry,local,train,surprise/local_8c9d463534b36f66.png,surprise,local,4,0.719,False,False
val,angry/local_a763aecebd37bbcd.png,angry,local,train,disgust/aug_rafdb_a7f701299f907043.png,disgust,augmented,4,0.569,False,False
val,angry/local_a763aecebd37bbcd.png,angry,local,train,fear/rafdb_ca2c011ecb871062.png,fear,rafdb,4,0.593,False,False
val,angry/local_d83ba4c4b58c508d.png,angry,local,train,angry/local_3b060cd557601032.png,angry,local,4,0.657,False,False
val,angry/local_d83ba4c4b58c508d.png,angry,local,train,disgust/local_dab67b1fa650a01e.png,disgust,local,4,0.713,False,False
val,angry/local_d83ba4c4b58c508d.png,angry,local,train,happy/aug_rafdb_d2143b6c224a0b93.png,happy,augmented,4,0.654,False,False
val,angry/local_d83ba4c4b58c508d.png,angry,local,train,neutral/aug_local_909827895303e044.png,neutral,augmented,4,0.654,False,False
val,angry/local_d83ba4c4b58c508d.png,angry,local,train,neutral/local_d0fdf07246000cf5.png,neutral,local,4,0.724,False,False
val,angry/local_d83ba4c4b58c508d.png,angry,local,train,neutral/local_d1131486aa80e832.png,neutral,local,4,0.618,False,False
val,angry/local_d83ba4c4b58c508d.png,angry,local,train,sad/rafdb_1ced2c1aef5d9fac.png,sad,rafdb,4,0.582,False,False
val,angry/local_d83ba4c4b58c508d.png,angry,local,train,sad/rafdb_3041ff0622d13725.png,sad,rafdb,4,0.739,False,False
val,angry/local_d83ba4c4b58c508d.png,angry,local,train,sad/rafdb_a204339a27191e03.png,sad,rafdb,4,0.671,False,False
val,angry/local_d83ba4c4b58c508d.png,angry,local,train,surprise/local_97fdfd77b3cdfae0.png,surprise,local,4,0.685,False,False
val,angry/local_e34a1af6d4c58f19.png,angry,local,train,surprise/local_2e24f7e7cbb4badf.png,surprise,local,4,0.683,False,False
val,angry/local_e34a1af6d4c58f19.png,angry,local,train,surprise/local_6fb6ddc515d81823.png,surprise,local,4,0.749,False,False
val,angry/local_e34a1af6d4c58f19.png,angry,local,train,surprise/local_baec30849eab5af9.png,surprise,local,4,0.748,False,False
val,angry/rafdb_bca7ee4286f0b7d1.png,angry,rafdb,train,sad/aug_rafdb_0bb260c807b98c18.png,sad,augmented,4,0.818,False,False
val,angry/rafdb_ea504f204592c295.png,angry,rafdb,train,surprise/rafdb_3dc216602d520955.png,surprise,rafdb,4,0.629,False,False
val,disgust/affectnet_00188f82dd0c2441.png,disgust,affectnet,train,disgust/aug_affectnet_d5d3a8ae58fa59f9.png,disgust,augmented,4,0.727,False,False
val,disgust/affectnet_00188f82dd0c2441.png,disgust,affectnet,train,neutral/aug_rafdb_6a73167ed2496349.png,neutral,augmented,4,0.713,False,False
val,disgust/affectnet_1b1ef28ab29f1a3c.png,disgust,affectnet,train,angry/local_1d5e85aeb5968cbe.png,angry,local,4,0.837,False,False
val,disgust/affectnet_1b1ef28ab29f1a3c.png,disgust,affectnet,train,surprise/aug_local_6fb6ddc515d81823.png,surprise,augmented,4,0.834,False,False
val,disgust/affectnet_3a36b69f0009616c.png,disgust,affectnet,train,disgust/aug_local_cd58e06ac747fdf6.png,disgust,augmented,4,0.626,False,False
val,disgust/affectnet_49f18896280d634e.png,disgust,affectnet,train,angry/local_3b060cd557601032.png,angry,local,4,0.672,False,False
val,disgust/affectnet_49f18896280d634e.png,disgust,affectnet,train,angry/rafdb_5e77e48e6b9119f9.png,angry,rafdb,4,0.613,False,False
val,disgust/affectnet_49f18896280d634e.png,disgust,affectnet,train,disgust/local_dab67b1fa650a01e.png,disgust,local,4,0.747,False,False
val,disgust/affectnet_49f18896280d634e.png,disgust,affectnet,train,disgust/rafdb_e9d389eee9ac3ce6.png,disgust,rafdb,4,0.763,False,False
val,disgust/affectnet_49f18896280d634e.png,disgust,affectnet,train,fear/aug_local_4e4848f0f3e49a13.png,fear,augmented,4,0.654,False,False
val,disgust/affectnet_49f18896280d634e.png,disgust,affectnet,train,fear/aug_local_a72c5831eb360543.png,fear,augmented,4,0.692,False,False
val,disgust/affectnet_49f18896280d634e.png,disgust,affectnet,train,fear/local_4061083408022160.png,fear,local,4,0.718,False,False
val,disgust/affectnet_49f18896280d634e.png,disgust,affectnet,train,fear/rafdb_ca2c011ecb871062.png,fear,rafdb,4,0.582,False,False
val,disgust/affectnet_49f18896280d634e.png,disgust,affectnet,train,fear/rafdb_e76346577deb0883.png,fear,rafdb,4,0.515,False,False
val,disgust/affectnet_49f18896280d634e.png,disgust,affectnet,train,happy/aug_rafdb_0f58a4a965d074d0.png,happy,augmented,4,0.696,False,False
val,disgust/affectnet_49f18896280d634e.png,disgust,affectnet,train,happy/aug_rafdb_a346d6063bfc5933.png,happy,augmented,4,0.64,False,False
val,disgust/affectnet_49f18896280d634e.png,disgust,affectnet,train,happy/local_7a35ee20a7505e66.png,happy,local,4,0.656,False,False
val,disgust/affectnet_49f18896280d634e.png,disgust,affectnet,train,happy/rafdb_740c63d8ea73395b.png,happy,rafdb,4,0.646,False,False
val,disgust/affectnet_49f18896280d634e.png,disgust,affectnet,train,happy/rafdb_e0201c57fa5a39ea.png,happy,rafdb,4,0.677,False,False
val,disgust/affectnet_49f18896280d634e.png,disgust,affectnet,train,neutral/aug_local_19d889004774b214.png,neutral,augmented,4,0.593,False,False
val,disgust/affectnet_49f18896280d634e.png,disgust,affectnet,train,neutral/local_48a3dd84ef402503.png,neutral,local,4,0.68,False,False
val,disgust/affectnet_49f18896280d634e.png,disgust,affectnet,train,neutral/local_6948ebadd79c85af.png,neutral,local,4,0.749,False,False
val,disgust/affectnet_49f18896280d634e.png,disgust,affectnet,train,neutral/local_909827895303e044.png,neutral,local,4,0.744,False,False
val,disgust/affectnet_49f18896280d634e.png,disgust,affectnet,train,neutral/local_c73d3fc30ae90509.png,neutral,local,4,0.666,False,False
val,disgust/affectnet_49f18896280d634e.png,disgust,affectnet,train,sad/rafdb_2c90cbffabe56488.png,sad,rafdb,4,0.698,False,False
val,disgust/affectnet_49f18896280d634e.png,disgust,affectnet,train,sad/rafdb_52dcf1825894be81.png,sad,rafdb,4,0.695,False,False
val,disgust/affectnet_49f18896280d634e.png,disgust,affectnet,train,sad/rafdb_a204339a27191e03.png,sad,rafdb,4,0.659,False,False
val,disgust/affectnet_49f18896280d634e.png,disgust,affectnet,train,surprise/aug_rafdb_c93f186ae00918ad.png,surprise,augmented,4,0.616,False,False
val,disgust/affectnet_49f18896280d634e.png,disgust,affectnet,train,surprise/local_21416166ba82487c.png,surprise,local,4,0.689,False,False
val,disgust/affectnet_51165340794c85de.png,disgust,affectnet,train,angry/aug_ckplus_b246dce298115698.png,angry,augmented,4,0.686,False,False
val,disgust/affectnet_55081bf2bd168858.png,disgust,affectnet,train,fear/local_cd3e0c3e48796e03.png,fear,local,4,0.721,False,False
val,disgust/affectnet_55081bf2bd168858.png,disgust,affectnet,train,surprise/rafdb_40a9b6363ddf7884.png,surprise,rafdb,4,0.655,False,False
val,disgust/affectnet_5eb94d757d92c01a.png,disgust,affectnet,train,angry/local_ea8371a9ef6e1c75.png,angry,local,4,0.778,False,False
val,disgust/affectnet_5eb94d757d92c01a.png,disgust,affectnet,train,fear/ckplus_d8a682170c7bd6e6.png,fear,ckplus,4,0.72,False,False
val,disgust/affectnet_dcadcc8e59247487.png,disgust,affectnet,train,neutral/rafdb_709ee8416ac44a76.png,neutral,rafdb,4,0.763,False,False
val,disgust/affectnet_f1f5f2e6f2ad818d.png,disgust,affectnet,train,disgust/affectnet_c18901c00d28c23b.png,disgust,affectnet,4,0.603,False,False
val,disgust/affectnet_f1f5f2e6f2ad818d.png,disgust,affectnet,train,disgust/affectnet_d8d05affdc7b2eb5.png,disgust,affectnet,4,0.571,False,False
val,disgust/affectnet_f1f5f2e6f2ad818d.png,disgust,affectnet,train,fear/affectnet_e1397c6cf635fff2.png,fear,affectnet,4,0.716,False,False
val,disgust/affectnet_f1f5f2e6f2ad818d.png,disgust,affectnet,train,fear/affectnet_fd801a2adc0148b5.png,fear,affectnet,4,0.706,False,False
val,disgust/ckplus_08f43f0daccb69e1.png,disgust,ckplus,train,disgust/ckplus_d6121e5c7dc06d3a.png,disgust,ckplus,4,0.839,True,False
val,disgust/ckplus_08f43f0daccb69e1.png,disgust,ckplus,train,disgust/ckplus_d632e90c09563eb7.png,disgust,ckplus,4,0.836,True,False
val,disgust/ckplus_35b463ba44bac823.png,disgust,ckplus,train,disgust/ckplus_d6121e5c7dc06d3a.png,disgust,ckplus,4,0.842,True,False
val,disgust/ckplus_35b463ba44bac823.png,disgust,ckplus,train,disgust/ckplus_d632e90c09563eb7.png,disgust,ckplus,4,0.846,True,False
val,disgust/ckplus_48521943ab08f966.png,disgust,ckplus,train,disgust/ckplus_924efcfe6b3d25a6.png,disgust,ckplus,4,0.799,True,False
val,disgust/ckplus_48521943ab08f966.png,disgust,ckplus,train,disgust/ckplus_bee4d85966949cb8.png,disgust,ckplus,4,0.806,True,False
val,disgust/ckplus_48521943ab08f966.png,disgust,ckplus,train,disgust/ckplus_d7f2370f5f088275.png,disgust,ckplus,4,0.796,True,False
val,disgust/ckplus_48521943ab08f966.png,disgust,ckplus,train,disgust/local_d51316931cdd739e.png,disgust,local,4,0.702,False,False
val,disgust/ckplus_48521943ab08f966.png,disgust,ckplus,train,sad/ckplus_a99bb5423020290a.png,sad,ckplus,4,0.723,True,False
val,disgust/ckplus_64c13f75977e99cd.png,disgust,ckplus,train,disgust/ckplus_39182fb12fe9b050.png,disgust,ckplus,4,0.831,True,False
val,disgust/ckplus_64c13f75977e99cd.png,disgust,ckplus,train,disgust/ckplus_87c176c77b489923.png,disgust,ckplus,4,0.786,True,False
val,disgust/ckplus_64c13f75977e99cd.png,disgust,ckplus,train,disgust/ckplus_924efcfe6b3d25a6.png,disgust,ckplus,4,0.801,True,False
val,disgust/ckplus_64c13f75977e99cd.png,disgust,ckplus,train,disgust/local_d51316931cdd739e.png,disgust,local,4,0.706,False,False
val,disgust/ckplus_64c13f75977e99cd.png,disgust,ckplus,train,happy/ckplus_4e5ce2cd206f4bff.png,happy,ckplus,4,0.838,True,False
val,disgust/ckplus_64c13f75977e99cd.png,disgust,ckplus,train,happy/ckplus_7bbf0b71cb584f4b.png,happy,ckplus,4,0.833,True,False
val,disgust/ckplus_64c13f75977e99cd.png,disgust,ckplus,train,neutral/local_2f6ed78ba4bff37a.png,neutral,local,4,0.733,False,False
val,disgust/ckplus_64c13f75977e99cd.png,disgust,ckplus,train,sad/ckplus_55d0bca766871681.png,sad,ckplus,4,0.819,True,False
val,disgust/ckplus_64c13f75977e99cd.png,disgust,ckplus,train,sad/ckplus_a86e46cc2dd83a87.png,sad,ckplus,4,0.821,True,False
val,disgust/ckplus_69e17f20633838d2.png,disgust,ckplus,train,disgust/affectnet_21b63f910428aeff.png,disgust,affectnet,4,0.752,False,False
val,disgust/ckplus_6a509c69f52efbd0.png,disgust,ckplus,train,disgust/ckplus_2e5edf0d1783a502.png,disgust,ckplus,4,0.79,True,False
val,disgust/ckplus_6a509c69f52efbd0.png,disgust,ckplus,train,disgust/ckplus_2fe80e22d89bb553.png,disgust,ckplus,4,0.814,True,False
val,disgust/ckplus_6a509c69f52efbd0.png,disgust,ckplus,train,disgust/ckplus_b4d6e5a93e2ebff9.png,disgust,ckplus,4,0.822,True,False
val,disgust/ckplus_6a509c69f52efbd0.png,disgust,ckplus,train,disgust/ckplus_fcef3f696ee6d605.png,disgust,ckplus,4,0.76,True,False
val,disgust/ckplus_6a509c69f52efbd0.png,disgust,ckplus,train,disgust/ckplus_ff7d037af92461e6.png,disgust,ckplus,4,0.833,True,False
val,disgust/ckplus_6a509c69f52efbd0.png,disgust,ckplus,train,happy/ckplus_d5fcf278eb6cb107.png,happy,ckplus,4,0.746,True,False
val,disgust/ckplus_6a509c69f52efbd0.png,disgust,ckplus,train,sad/aug_ckplus_20fba4af2d06656a.png,sad,augmented,4,0.82,True,False
val,disgust/ckplus_6a509c69f52efbd0.png,disgust,ckplus,train,sad/ckplus_7deb6bb8e1e8e6c3.png,sad,ckplus,4,0.694,True,False
val,disgust/ckplus_6f199f3a3b46d883.png,disgust,ckplus,train,disgust/ckplus_0f054184ef79ffa8.png,disgust,ckplus,4,0.63,True,False
val,disgust/ckplus_6f199f3a3b46d883.png,disgust,ckplus,train,disgust/ckplus_157348e03a00a49c.png,disgust,ckplus,4,0.84,True,False
val,disgust/ckplus_6f199f3a3b46d883.png,disgust,ckplus,train,disgust/ckplus_3d45bf2f6ceaebd3.png,disgust,ckplus,4,0.618,True,False
val,disgust/ckplus_80558e84fede8fc4.png,disgust,ckplus,train,angry/ckplus_1aff444d80600175.png,angry,ckplus,4,0.838,True,False
val,disgust/ckplus_80558e84fede8fc4.png,disgust,ckplus,train,angry/ckplus_a2b6c81b8331c97e.png,angry,ckplus,4,0.832,True,False
val,disgust/ckplus_80558e84fede8fc4.png,disgust,ckplus,train,angry/ckplus_c9b1def67b4c4911.png,angry,ckplus,4,0.837,True,False
val,disgust/ckplus_80558e84fede8fc4.png,disgust,ckplus,train,angry/ckplus_d201d42ee3cc3ba8.png,angry,ckplus,4,0.831,True,False
val,disgust/ckplus_80558e84fede8fc4.png,disgust,ckplus,train,disgust/aug_ckplus_2fe80e22d89bb553.png,disgust,augmented,4,0.879,True,False
val,disgust/ckplus_80558e84fede8fc4.png,disgust,ckplus,train,disgust/ckplus_adcfc4991bf9f56a.png,disgust,ckplus,4,0.852,True,False
val,disgust/ckplus_870965087f389758.png,disgust,ckplus,train,angry/local_cbc30b71ab458d87.png,angry,local,4,0.618,False,False
val,disgust/ckplus_870965087f389758.png,disgust,ckplus,train,disgust/ckplus_66e7ae94e897a099.png,disgust,ckplus,4,0.859,True,False
val,disgust/ckplus_870965087f389758.png,disgust,ckplus,train,disgust/ckplus_ed8e71044078fff5.png,disgust,ckplus,4,0.855,True,False
val,disgust/ckplus_ad6e7789a4ab6c80.png,disgust,ckplus,train,disgust/ckplus_87c176c77b489923.png,disgust,ckplus,4,0.788,True,False
val,disgust/ckplus_ad6e7789a4ab6c80.png,disgust,ckplus,train,disgust/ckplus_bee4d85966949cb8.png,disgust,ckplus,4,0.803,True,False
val,disgust/ckplus_ad6e7789a4ab6c80.png,disgust,ckplus,train,disgust/local_d51316931cdd739e.png,disgust,local,4,0.701,False,False
val,disgust/ckplus_bb83f2c15722227b.png,disgust,ckplus,train,disgust/ckplus_0f054184ef79ffa8.png,disgust,ckplus,4,0.634,True,False
val,disgust/ckplus_bb83f2c15722227b.png,disgust,ckplus,train,disgust/ckplus_157348e03a00a49c.png,disgust,ckplus,4,0.84,True,False
val,disgust/ckplus_bb83f2c15722227b.png,disgust,ckplus,train,disgust/ckplus_3d45bf2f6ceaebd3.png,disgust,ckplus,4,0.621,True,False
val,disgust/ckplus_c0db5ab601fdbc04.png,disgust,ckplus,train,disgust/ckplus_f07a820be0921793.png,disgust,ckplus,4,0.805,True,False
val,disgust/ckplus_dc6d7523003ee5ba.png,disgust,ckplus,train,angry/local_cbc30b71ab458d87.png,angry,local,4,0.613,False,False
val,disgust/ckplus_dc6d7523003ee5ba.png,disgust,ckplus,train,disgust/ckplus_66e7ae94e897a099.png,disgust,ckplus,4,0.85,True,False
val,disgust/ckplus_dc6d7523003ee5ba.png,disgust,ckplus,train,disgust/ckplus_ed8e71044078fff5.png,disgust,ckplus,4,0.835,True,False
val,disgust/local_9c80309c7480dfa3.png,disgust,local,train,surprise/rafdb_5afd82248979dc28.png,surprise,rafdb,4,0.63,False,False
val,disgust/local_eed3ea1269c0ca64.png,disgust,local,train,fear/ckplus_a86d89be0da5e392.png,fear,ckplus,4,0.67,False,False
val,disgust/local_eed3ea1269c0ca64.png,disgust,local,train,fear/ckplus_fd265912ebdf9c69.png,fear,ckplus,4,0.664,False,False
val,disgust/rafdb_1ac2b25bb8e99f65.png,disgust,rafdb,train,happy/rafdb_48922a26fc4549d2.png,happy,rafdb,4,0.598,False,False
val,disgust/rafdb_28fbec6b164f7767.png,disgust,rafdb,train,neutral/local_d0fdf07246000cf5.png,neutral,local,4,0.707,False,False
val,disgust/rafdb_28fbec6b164f7767.png,disgust,rafdb,train,surprise/aug_local_465866ef65d1e824.png,surprise,augmented,4,0.564,False,False
val,disgust/rafdb_28fbec6b164f7767.png,disgust,rafdb,train,surprise/aug_rafdb_ac1a54e3dbbe9f47.png,surprise,augmented,4,0.495,False,False
val,disgust/rafdb_28fbec6b164f7767.png,disgust,rafdb,train,surprise/local_97fdfd77b3cdfae0.png,surprise,local,4,0.677,False,False
val,disgust/rafdb_28fbec6b164f7767.png,disgust,rafdb,train,surprise/rafdb_3dc216602d520955.png,surprise,rafdb,4,0.731,False,False
val,disgust/rafdb_28fbec6b164f7767.png,disgust,rafdb,train,surprise/rafdb_ac1a54e3dbbe9f47.png,surprise,rafdb,4,0.47,False,False
val,disgust/rafdb_3024e37c0fb8c368.png,disgust,rafdb,train,surprise/rafdb_78a12e4b426d3d04.png,surprise,rafdb,4,0.643,False,False
val,disgust/rafdb_65649083bd8428f2.png,disgust,rafdb,train,happy/aug_rafdb_0f58a4a965d074d0.png,happy,augmented,4,0.705,False,False
val,disgust/rafdb_6ac05c93483c010b.png,disgust,rafdb,train,sad/rafdb_ea3cc5a2ef8979b2.png,sad,rafdb,4,0.753,False,False
val,disgust/rafdb_6ac05c93483c010b.png,disgust,rafdb,train,surprise/aug_rafdb_a77f9e6d69866874.png,surprise,augmented,4,0.734,False,False
val,disgust/rafdb_6ac05c93483c010b.png,disgust,rafdb,train,surprise/rafdb_05edfd12c679194b.png,surprise,rafdb,4,0.725,False,False
val,disgust/rafdb_82deeb9be64947ca.png,disgust,rafdb,train,neutral/local_c73d3fc30ae90509.png,neutral,local,4,0.627,False,False
val,disgust/rafdb_89f25b399ae60005.png,disgust,rafdb,train,disgust/rafdb_aace63a29edee8a8.png,disgust,rafdb,4,0.675,False,False
val,disgust/rafdb_89f25b399ae60005.png,disgust,rafdb,train,happy/rafdb_484c1a81a92ce17d.png,happy,rafdb,4,0.523,False,False
val,disgust/rafdb_8b9e604181bc2962.png,disgust,rafdb,train,happy/rafdb_9dc5e170e0b72e4a.png,happy,rafdb,4,0.638,False,False
val,disgust/rafdb_8b9e604181bc2962.png,disgust,rafdb,train,sad/rafdb_13f4be3caf74eda6.png,sad,rafdb,4,0.59,False,False
val,disgust/rafdb_b1e147968307d3db.png,disgust,rafdb,train,angry/rafdb_5e77e48e6b9119f9.png,angry,rafdb,4,0.452,False,False
val,disgust/rafdb_b1e147968307d3db.png,disgust,rafdb,train,fear/aug_rafdb_67e51fea3c7c5ec6.png,fear,augmented,4,0.721,False,False
val,disgust/rafdb_b1e147968307d3db.png,disgust,rafdb,train,fear/local_c357d3b2f5f3068d.png,fear,local,4,0.66,False,False
val,disgust/rafdb_b1e147968307d3db.png,disgust,rafdb,train,happy/aug_rafdb_0f58a4a965d074d0.png,happy,augmented,4,0.652,False,False
val,disgust/rafdb_b1e147968307d3db.png,disgust,rafdb,train,happy/rafdb_678abe2f3226cf0f.png,happy,rafdb,4,0.637,False,False
val,disgust/rafdb_b1e147968307d3db.png,disgust,rafdb,train,sad/rafdb_6c770856807b32ab.png,sad,rafdb,4,0.623,False,False
val,disgust/rafdb_b46d8b866b03386c.png,disgust,rafdb,train,sad/local_aba0d9c3d039407b.png,sad,local,4,0.515,False,False
val,disgust/rafdb_b46d8b866b03386c.png,disgust,rafdb,train,sad/rafdb_8627e048a4587bcc.png,sad,rafdb,4,0.625,False,False
val,disgust/rafdb_fe251e68bc75ee09.png,disgust,rafdb,train,surprise/local_97fdfd77b3cdfae0.png,surprise,local,4,0.4,False,False
val,fear/affectnet_19d1134aee88c506.png,fear,affectnet,train,neutral/local_7b779e3e1342d25c.png,neutral,local,4,0.358,False,False
val,fear/affectnet_9bfdb0face8b3d43.png,fear,affectnet,train,angry/local_20048c2f09bce747.png,angry,local,4,0.779,False,False
val,fear/affectnet_9bfdb0face8b3d43.png,fear,affectnet,train,disgust/aug_affectnet_b5a387235fbbd99a.png,disgust,augmented,4,0.733,False,False
val,fear/affectnet_9bfdb0face8b3d43.png,fear,affectnet,train,surprise/local_7e48587bcc81e27d.png,surprise,local,4,0.829,False,False
val,fear/ckplus_0f9abda151262920.png,fear,ckplus,train,angry/local_20048c2f09bce747.png,angry,local,4,0.759,False,False
val,fear/ckplus_0f9abda151262920.png,fear,ckplus,train,fear/local_b1bab5cdee59a2ea.png,fear,local,4,0.624,False,False
val,fear/ckplus_15adbcb03dd03774.png,fear,ckplus,train,angry/ckplus_99884271c5d1e28b.png,angry,ckplus,4,0.782,True,False
val,fear/ckplus_15adbcb03dd03774.png,fear,ckplus,train,angry/ckplus_d6fcb0ec2ce37c89.png,angry,ckplus,4,0.788,True,False
val,fear/ckplus_15adbcb03dd03774.png,fear,ckplus,train,angry/local_015fd10a6c2e58f2.png,angry,local,4,0.437,False,False
val,fear/ckplus_15adbcb03dd03774.png,fear,ckplus,train,disgust/ckplus_b0e309145dfb2f8b.png,disgust,ckplus,4,0.79,True,False
val,fear/ckplus_15adbcb03dd03774.png,fear,ckplus,train,happy/ckplus_53383529c01b8158.png,happy,ckplus,4,0.795,True,False
val,fear/ckplus_15adbcb03dd03774.png,fear,ckplus,train,neutral/aug_local_8ad54d6c608a9922.png,neutral,augmented,4,0.739,False,False
val,fear/ckplus_15adbcb03dd03774.png,fear,ckplus,train,sad/ckplus_36f5e92aafa4c2d4.png,sad,ckplus,4,0.827,True,False
val,fear/ckplus_15adbcb03dd03774.png,fear,ckplus,train,sad/ckplus_7110d935f1f3c303.png,sad,ckplus,4,0.79,True,False
val,fear/ckplus_15adbcb03dd03774.png,fear,ckplus,train,sad/ckplus_a84b14d774a9b8ef.png,sad,ckplus,4,0.794,True,False
val,fear/ckplus_15adbcb03dd03774.png,fear,ckplus,train,sad/ckplus_ae31a46d0c30f00c.png,sad,ckplus,4,0.787,True,False
val,fear/ckplus_2ea50329b132129c.png,fear,ckplus,train,angry/ckplus_99884271c5d1e28b.png,angry,ckplus,4,0.792,True,False
val,fear/ckplus_2ea50329b132129c.png,fear,ckplus,train,angry/ckplus_d6fcb0ec2ce37c89.png,angry,ckplus,4,0.797,True,False
val,fear/ckplus_2ea50329b132129c.png,fear,ckplus,train,angry/local_015fd10a6c2e58f2.png,angry,local,4,0.44,False,False
val,fear/ckplus_2ea50329b132129c.png,fear,ckplus,train,disgust/ckplus_b0e309145dfb2f8b.png,disgust,ckplus,4,0.783,True,False
val,fear/ckplus_2ea50329b132129c.png,fear,ckplus,train,happy/ckplus_53383529c01b8158.png,happy,ckplus,4,0.797,True,False
val,fear/ckplus_2ea50329b132129c.png,fear,ckplus,train,neutral/aug_local_8ad54d6c608a9922.png,neutral,augmented,4,0.743,False,False
val,fear/ckplus_2ea50329b132129c.png,fear,ckplus,train,sad/ckplus_36f5e92aafa4c2d4.png,sad,ckplus,4,0.83,True,False
val,fear/ckplus_2ea50329b132129c.png,fear,ckplus,train,sad/ckplus_7110d935f1f3c303.png,sad,ckplus,4,0.788,True,False
val,fear/ckplus_2ea50329b132129c.png,fear,ckplus,train,sad/ckplus_a84b14d774a9b8ef.png,sad,ckplus,4,0.804,True,False
val,fear/ckplus_2ea50329b132129c.png,fear,ckplus,train,sad/ckplus_ae31a46d0c30f00c.png,sad,ckplus,4,0.786,True,False
val,fear/ckplus_52f676c98b228cb6.png,fear,ckplus,train,angry/ckplus_99884271c5d1e28b.png,angry,ckplus,4,0.79,True,False
val,fear/ckplus_52f676c98b228cb6.png,fear,ckplus,train,angry/ckplus_d6fcb0ec2ce37c89.png,angry,ckplus,4,0.793,True,False
val,fear/ckplus_52f676c98b228cb6.png,fear,ckplus,train,angry/local_015fd10a6c2e58f2.png,angry,local,4,0.431,False,False
val,fear/ckplus_52f676c98b228cb6.png,fear,ckplus,train,disgust/ckplus_b0e309145dfb2f8b.png,disgust,ckplus,4,0.774,True,False
val,fear/ckplus_52f676c98b228cb6.png,fear,ckplus,train,happy/ckplus_53383529c01b8158.png,happy,ckplus,4,0.797,True,False
val,fear/ckplus_52f676c98b228cb6.png,fear,ckplus,train,neutral/aug_local_8ad54d6c608a9922.png,neutral,augmented,4,0.746,False,False
val,fear/ckplus_52f676c98b228cb6.png,fear,ckplus,train,sad/ckplus_36f5e92aafa4c2d4.png,sad,ckplus,4,0.828,True,False
val,fear/ckplus_52f676c98b228cb6.png,fear,ckplus,train,sad/ckplus_7110d935f1f3c303.png,sad,ckplus,4,0.788,True,False
val,fear/ckplus_52f676c98b228cb6.png,fear,ckplus,train,sad/ckplus_a84b14d774a9b8ef.png,sad,ckplus,4,0.805,True,False
val,fear/ckplus_52f676c98b228cb6.png,fear,ckplus,train,sad/ckplus_ae31a46d0c30f00c.png,sad,ckplus,4,0.784,True,False
val,fear/ckplus_7239d8f15bc3ed0b.png,fear,ckplus,train,fear/local_b1bab5cdee59a2ea.png,fear,local,4,0.614,False,False
val,fear/ckplus_7239d8f15bc3ed0b.png,fear,ckplus,train,fear/local_cd1fd4c6773e54ce.png,fear,local,4,0.67,False,False
val,fear/ckplus_7239d8f15bc3ed0b.png,fear,ckplus,train,sad/aug_rafdb_8627e048a4587bcc.png,sad,augmented,4,0.677,False,False
val,fear/ckplus_7239d8f15bc3ed0b.png,fear,ckplus,train,surprise/rafdb_318f68a8bb936702.png,surprise,rafdb,4,0.699,False,False
val,fear/ckplus_8cb6baecd9a25674.png,fear,ckplus,train,fear/local_b1bab5cdee59a2ea.png,fear,local,4,0.621,False,False
val,fear/local_037bae8406180e28.png,fear,local,train,happy/rafdb_51f032c4718b3671.png,happy,rafdb,4,0.552,False,False
val,fear/local_0bd5d83bfd53cef3.png,fear,local,train,surprise/local_189633b865e584cb.png,surprise,local,4,0.806,False,False
val,fear/local_18a0f122b5f1b3de.png,fear,local,train,angry/local_015fd10a6c2e58f2.png,angry,local,4,0.572,False,False
val,fear/local_18a0f122b5f1b3de.png,fear,local,train,disgust/affectnet_df6d60338c1fc174.png,disgust,affectnet,4,0.678,False,False
val,fear/local_18a0f122b5f1b3de.png,fear,local,train,disgust/local_39a31ad658b9c2ac.png,disgust,local,4,0.737,False,False
val,fear/local_18a0f122b5f1b3de.png,fear,local,train,fear/ckplus_1f9934333c7d7d30.png,fear,ckplus,4,0.734,False,False
val,fear/local_18a0f122b5f1b3de.png,fear,local,train,fear/ckplus_342f62d7657b0c87.png,fear,ckplus,4,0.692,False,False
val,fear/local_18a0f122b5f1b3de.png,fear,local,train,fear/ckplus_4e4f5142d4284a50.png,fear,ckplus,4,0.702,False,False
val,fear/local_18a0f122b5f1b3de.png,fear,local,train,fear/ckplus_c6012561b7f47719.png,fear,ckplus,4,0.77,False,False
val,fear/local_18a0f122b5f1b3de.png,fear,local,train,happy/ckplus_a11a21cf69fc0f43.png,happy,ckplus,4,0.715,False,False
val,fear/local_18a0f122b5f1b3de.png,fear,local,train,happy/ckplus_a71b3859d9a06a78.png,happy,ckplus,4,0.646,False,False
val,fear/local_18a0f122b5f1b3de.png,fear,local,train,happy/ckplus_b06e9bf9dd423da5.png,happy,ckplus,4,0.729,False,False
val,fear/local_18a0f122b5f1b3de.png,fear,local,train,happy/ckplus_bea849bea29131e8.png,happy,ckplus,4,0.71,False,False
val,fear/local_18a0f122b5f1b3de.png,fear,local,train,happy/ckplus_c8a3190d85eb6ecc.png,happy,ckplus,4,0.641,False,False
val,fear/local_18a0f122b5f1b3de.png,fear,local,train,happy/ckplus_f3b31c1894cd3101.png,happy,ckplus,4,0.651,False,False
val,fear/local_41fdf6adccb7280c.png,fear,local,train,angry/affectnet_7096a90830226faa.png,angry,affectnet,4,0.636,False,False
val,fear/local_41fdf6adccb7280c.png,fear,local,train,angry/ckplus_d201d42ee3cc3ba8.png,angry,ckplus,4,0.566,False,False
val,fear/local_582db41be1ec0a5f.png,fear,local,train,fear/aug_local_612a303ca9430a54.png,fear,augmented,4,0.729,False,False
val,fear/local_582db41be1ec0a5f.png,fear,local,train,happy/local_7a35ee20a7505e66.png,happy,local,4,0.774,False,False
val,fear/local_582db41be1ec0a5f.png,fear,local,train,sad/local_780a5bf9a04a78af.png,sad,local,4,0.762,False,False
val,fear/local_821c3cd62d4fa611.png,fear,local,train,angry/ckplus_0fc054fabdfab893.png,angry,ckplus,4,0.699,False,False
val,fear/local_821c3cd62d4fa611.png,fear,local,train,angry/ckplus_e057f5f1c3d92a11.png,angry,ckplus,4,0.782,False,False
val,fear/local_821c3cd62d4fa611.png,fear,local,train,angry/local_535687984ddf15ec.png,angry,local,4,0.587,False,False
val,fear/local_821c3cd62d4fa611.png,fear,local,train,disgust/ckplus_157348e03a00a49c.png,disgust,ckplus,4,0.754,False,False
val,fear/local_821c3cd62d4fa611.png,fear,local,train,disgust/ckplus_2e5edf0d1783a502.png,disgust,ckplus,4,0.688,False,False
val,fear/local_821c3cd62d4fa611.png,fear,local,train,disgust/ckplus_a055ca6cc1d2a5f3.png,disgust,ckplus,4,0.756,False,False
val,fear/local_821c3cd62d4fa611.png,fear,local,train,fear/local_d9b66d10d72cf9b0.png,fear,local,4,0.839,False,False
val,fear/local_821c3cd62d4fa611.png,fear,local,train,neutral/local_86fea05fe7e9d26d.png,neutral,local,4,0.695,False,False
val,fear/local_821c3cd62d4fa611.png,fear,local,train,sad/ckplus_7deb6bb8e1e8e6c3.png,sad,ckplus,4,0.563,False,False
val,fear/local_821c3cd62d4fa611.png,fear,local,train,sad/ckplus_b340d36ce62b0929.png,sad,ckplus,4,0.548,False,False
val,fear/local_821c3cd62d4fa611.png,fear,local,train,surprise/rafdb_42884a0308b53f31.png,surprise,rafdb,4,0.624,False,False
val,fear/local_9b4186b8007572da.png,fear,local,train,fear/local_993f7c9b89abbc56.png,fear,local,4,0.755,False,False
val,fear/local_eab571368c8a5048.png,fear,local,train,disgust/local_7d3d960a6f996e7e.png,disgust,local,4,0.716,False,False
val,fear/local_f0a7065485b14d9b.png,fear,local,train,disgust/aug_local_a14af5e059bb1c8c.png,disgust,augmented,4,0.817,False,False
val,fear/local_f0a7065485b14d9b.png,fear,local,train,neutral/local_d72d0b0a9660b615.png,neutral,local,4,0.676,False,False
val,fear/local_f0a7065485b14d9b.png,fear,local,train,sad/rafdb_d5dc4e16d5506051.png,sad,rafdb,4,0.749,False,False
val,fear/local_f0a7065485b14d9b.png,fear,local,train,surprise/local_83edc67baa1e3208.png,surprise,local,4,0.738,False,False
val,fear/rafdb_7e70a72d71b4a313.png,fear,rafdb,train,fear/rafdb_040cdf7f4c18245b.png,fear,rafdb,4,0.557,False,False
val,fear/rafdb_7e70a72d71b4a313.png,fear,rafdb,train,fear/rafdb_2eeeec086ab8bc92.png,fear,rafdb,4,0.809,False,False
val,fear/rafdb_7e70a72d71b4a313.png,fear,rafdb,train,happy/rafdb_0945f9526f6d2850.png,happy,rafdb,4,0.557,False,False
val,fear/rafdb_7e70a72d71b4a313.png,fear,rafdb,train,happy/rafdb_0a631877b2268962.png,happy,rafdb,4,0.493,False,False
val,fear/rafdb_8799c71365598bfb.png,fear,rafdb,train,happy/rafdb_057240f716da59f6.png,happy,rafdb,4,0.667,False,False
val,fear/rafdb_de94ed24d5f05112.png,fear,rafdb,train,angry/rafdb_5e77e48e6b9119f9.png,angry,rafdb,4,0.552,False,False
val,fear/rafdb_de94ed24d5f05112.png,fear,rafdb,train,happy/aug_rafdb_0f58a4a965d074d0.png,happy,augmented,4,0.634,False,False
val,fear/rafdb_de94ed24d5f05112.png,fear,rafdb,train,happy/aug_rafdb_aac1f121f6b94404.png,happy,augmented,4,0.787,False,False
val,fear/rafdb_de94ed24d5f05112.png,fear,rafdb,train,happy/rafdb_033f3b83990a6dea.png,happy,rafdb,4,0.682,False,False
val,fear/rafdb_de94ed24d5f05112.png,fear,rafdb,train,happy/rafdb_740c63d8ea73395b.png,happy,rafdb,4,0.647,False,False
val,fear/rafdb_de94ed24d5f05112.png,fear,rafdb,train,neutral/aug_local_909827895303e044.png,neutral,augmented,4,0.703,False,False
val,fear/rafdb_de94ed24d5f05112.png,fear,rafdb,train,neutral/local_a3c871f74f15e6c9.png,neutral,local,4,0.744,False,False
val,fear/rafdb_de94ed24d5f05112.png,fear,rafdb,train,sad/aug_rafdb_b403052996263d79.png,sad,augmented,4,0.836,False,False
val,fear/rafdb_de94ed24d5f05112.png,fear,rafdb,train,sad/rafdb_2c90cbffabe56488.png,sad,rafdb,4,0.663,False,False
val,fear/rafdb_eeb9b2cb7709f854.png,fear,rafdb,train,happy/rafdb_f0208f687e42b25c.png,happy,rafdb,4,0.632,False,False
val,happy/ckplus_1448cea6eb8b47da.png,happy,ckplus,train,happy/ckplus_38b0e7ac041d5029.png,happy,ckplus,4,0.876,True,False
val,happy/ckplus_15895dc9bab08fec.png,happy,ckplus,train,angry/ckplus_15595e1c92429b3e.png,angry,ckplus,4,0.806,True,False
val,happy/ckplus_15895dc9bab08fec.png,happy,ckplus,train,disgust/ckplus_c9fbf8c55301d052.png,disgust,ckplus,4,0.862,True,False
val,happy/ckplus_15895dc9bab08fec.png,happy,ckplus,train,happy/ckplus_a11a21cf69fc0f43.png,happy,ckplus,4,0.893,True,False
val,happy/ckplus_15895dc9bab08fec.png,happy,ckplus,train,happy/ckplus_bea849bea29131e8.png,happy,ckplus,4,0.895,True,False
val,happy/ckplus_15895dc9bab08fec.png,happy,ckplus,train,happy/ckplus_c4a6344a4a1e74e6.png,happy,ckplus,4,0.789,True,False
val,happy/ckplus_15895dc9bab08fec.png,happy,ckplus,train,sad/ckplus_7deb6bb8e1e8e6c3.png,sad,ckplus,4,0.691,True,False
val,happy/ckplus_175d26d2d79f89a2.png,happy,ckplus,train,happy/rafdb_e0201c57fa5a39ea.png,happy,rafdb,4,0.727,False,False
val,happy/ckplus_2228db2bb8f059db.png,happy,ckplus,train,happy/rafdb_e0201c57fa5a39ea.png,happy,rafdb,4,0.732,False,False
val,happy/ckplus_2228db2bb8f059db.png,happy,ckplus,train,sad/rafdb_2c90cbffabe56488.png,sad,rafdb,4,0.715,False,False
val,happy/ckplus_3e20675afc55bb1c.png,happy,ckplus,train,happy/rafdb_059025d46ed9fdf4.png,happy,rafdb,4,0.663,False,False
val,happy/ckplus_3f186ad410f0e840.png,happy,ckplus,train,happy/ckplus_38b0e7ac041d5029.png,happy,ckplus,4,0.883,True,False
val,happy/ckplus_6174fabcad994991.png,happy,ckplus,train,disgust/affectnet_df6d60338c1fc174.png,disgust,affectnet,4,0.776,False,False
val,happy/ckplus_6174fabcad994991.png,happy,ckplus,train,disgust/ckplus_c9fbf8c55301d052.png,disgust,ckplus,4,0.867,True,False
val,happy/ckplus_6174fabcad994991.png,happy,ckplus,train,happy/aug_ckplus_c9ff8734662bc652.png,happy,augmented,4,0.806,True,False
val,happy/ckplus_6174fabcad994991.png,happy,ckplus,train,happy/ckplus_24e66894ccd05640.png,happy,ckplus,4,0.845,True,False
val,happy/ckplus_6174fabcad994991.png,happy,ckplus,train,happy/ckplus_a11a21cf69fc0f43.png,happy,ckplus,4,0.894,True,False
val,happy/ckplus_6174fabcad994991.png,happy,ckplus,train,sad/ckplus_7deb6bb8e1e8e6c3.png,sad,ckplus,4,0.689,True,False
val,happy/ckplus_6174fabcad994991.png,happy,ckplus,train,sad/ckplus_b340d36ce62b0929.png,sad,ckplus,4,0.681,True,False
val,happy/ckplus_860b10e06ee5debf.png,happy,ckplus,train,angry/ckplus_1aff444d80600175.png,angry,ckplus,4,0.665,True,False
val,happy/ckplus_860b10e06ee5debf.png,happy,ckplus,train,disgust/ckplus_0c4b64603347585e.png,disgust,ckplus,4,0.757,True,False
val,happy/ckplus_860b10e06ee5debf.png,happy,ckplus,train,disgust/ckplus_5afe2d98a722b549.png,disgust,ckplus,4,0.754,True,False
val,happy/ckplus_860b10e06ee5debf.png,happy,ckplus,train,disgust/ckplus_a055ca6cc1d2a5f3.png,disgust,ckplus,4,0.782,True,False
val,happy/ckplus_860b10e06ee5debf.png,happy,ckplus,train,fear/aug_ckplus_7ad59d62665074db.png,fear,augmented,4,0.649,True,False
val,happy/ckplus_860b10e06ee5debf.png,happy,ckplus,train,fear/ckplus_d8a682170c7bd6e6.png,fear,ckplus,4,0.818,True,False
val,happy/ckplus_860b10e06ee5debf.png,happy,ckplus,train,happy/ckplus_02d06c5c7dee3584.png,happy,ckplus,4,0.827,True,False
val,happy/ckplus_860b10e06ee5debf.png,happy,ckplus,train,happy/ckplus_1ef127f1f5f2ae0d.png,happy,ckplus,4,0.771,True,False
val,happy/ckplus_860b10e06ee5debf.png,happy,ckplus,train,happy/ckplus_258baa08150320b2.png,happy,ckplus,4,0.772,True,False
val,happy/ckplus_860b10e06ee5debf.png,happy,ckplus,train,happy/ckplus_2e3b6fd7f31539fa.png,happy,ckplus,4,0.807,True,False
val,happy/ckplus_860b10e06ee5debf.png,happy,ckplus,train,happy/ckplus_38b0e7ac041d5029.png,happy,ckplus,4,0.857,True,False
val,happy/ckplus_860b10e06ee5debf.png,happy,ckplus,train,happy/ckplus_66c52faf47873843.png,happy,ckplus,4,0.856,True,False
val,happy/ckplus_860b10e06ee5debf.png,happy,ckplus,train,happy/ckplus_76a3d42a7d30bad0.png,happy,ckplus,4,0.648,True,False
val,happy/ckplus_860b10e06ee5debf.png,happy,ckplus,train,happy/ckplus_82ce58492c98fc88.png,happy,ckplus,4,0.762,True,False
val,happy/ckplus_860b10e06ee5debf.png,happy,ckplus,train,happy/ckplus_aeb27fc349573de3.png,happy,ckplus,4,0.773,True,False
val,happy/ckplus_860b10e06ee5debf.png,happy,ckplus,train,happy/ckplus_b8b8d8595887a1b5.png,happy,ckplus,4,0.833,True,False
val,happy/ckplus_860b10e06ee5debf.png,happy,ckplus,train,happy/ckplus_c338796254b5307d.png,happy,ckplus,4,0.817,True,False
val,happy/ckplus_860b10e06ee5debf.png,happy,ckplus,train,happy/ckplus_d720f836b1a0c2c4.png,happy,ckplus,4,0.814,True,False
val,happy/ckplus_860b10e06ee5debf.png,happy,ckplus,train,happy/ckplus_e2beffddf6681408.png,happy,ckplus,4,0.842,True,False
val,happy/ckplus_860b10e06ee5debf.png,happy,ckplus,train,happy/ckplus_f8dd1b743d2f60ba.png,happy,ckplus,4,0.825,True,False
val,happy/ckplus_8edc19fb9408a68b.png,happy,ckplus,train,fear/ckplus_7ad59d62665074db.png,fear,ckplus,4,0.797,True,False
val,happy/ckplus_8edc19fb9408a68b.png,happy,ckplus,train,fear/ckplus_d8a682170c7bd6e6.png,fear,ckplus,4,0.807,True,False
val,happy/ckplus_911d35fc8e229ddf.png,happy,ckplus,train,angry/ckplus_6d697e356ee97dc0.png,angry,ckplus,4,0.77,True,False
val,happy/ckplus_911d35fc8e229ddf.png,happy,ckplus,train,angry/ckplus_b7e7d9a398b08921.png,angry,ckplus,4,0.772,True,False
val,happy/ckplus_911d35fc8e229ddf.png,happy,ckplus,train,angry/ckplus_c453fe35c7115234.png,angry,ckplus,4,0.761,True,False
val,happy/ckplus_911d35fc8e229ddf.png,happy,ckplus,train,disgust/ckplus_787e324fba52d1c0.png,disgust,ckplus,4,0.767,True,False
val,happy/ckplus_911d35fc8e229ddf.png,happy,ckplus,train,disgust/ckplus_bc1c0237021f9f72.png,disgust,ckplus,4,0.762,True,False
val,happy/ckplus_911d35fc8e229ddf.png,happy,ckplus,train,happy/ckplus_0b64031aff80aaab.png,happy,ckplus,4,0.824,True,False
val,happy/ckplus_911d35fc8e229ddf.png,happy,ckplus,train,happy/ckplus_18ed6100d6906b4e.png,happy,ckplus,4,0.753,True,False
val,happy/ckplus_911d35fc8e229ddf.png,happy,ckplus,train,happy/ckplus_1f8779fd2b769696.png,happy,ckplus,4,0.826,True,False
val,happy/ckplus_911d35fc8e229ddf.png,happy,ckplus,train,happy/ckplus_320f81b34918fc47.png,happy,ckplus,4,0.752,True,False
val,happy/ckplus_911d35fc8e229ddf.png,happy,ckplus,train,happy/ckplus_4f2b649c469a8b34.png,happy,ckplus,4,0.806,True,False
val,happy/ckplus_911d35fc8e229ddf.png,happy,ckplus,train,sad/ckplus_b340d36ce62b0929.png,sad,ckplus,4,0.696,True,False
val,happy/ckplus_98c251b6e74bfdf1.png,happy,ckplus,train,disgust/ckplus_d46a7d335b04e89d.png,disgust,ckplus,4,0.785,True,False
val,happy/ckplus_98c251b6e74bfdf1.png,happy,ckplus,train,fear/local_ee8897351d76460a.png,fear,local,4,0.718,False,False
val,happy/ckplus_9a65de6796bdada9.png,happy,ckplus,train,angry/ckplus_1aff444d80600175.png,angry,ckplus,4,0.665,True,False
val,happy/ckplus_9a65de6796bdada9.png,happy,ckplus,train,disgust/ckplus_0c4b64603347585e.png,disgust,ckplus,4,0.764,True,False
val,happy/ckplus_9a65de6796bdada9.png,happy,ckplus,train,disgust/ckplus_5afe2d98a722b549.png,disgust,ckplus,4,0.756,True,False
val,happy/ckplus_9a65de6796bdada9.png,happy,ckplus,train,disgust/ckplus_a055ca6cc1d2a5f3.png,disgust,ckplus,4,0.788,True,False
val,happy/ckplus_9a65de6796bdada9.png,happy,ckplus,train,fear/aug_ckplus_7ad59d62665074db.png,fear,augmented,4,0.658,True,False
val,happy/ckplus_9a65de6796bdada9.png,happy,ckplus,train,fear/ckplus_d8a682170c7bd6e6.png,fear,ckplus,4,0.823,True,False
val,happy/ckplus_9a65de6796bdada9.png,happy,ckplus,train,fear/local_ee8897351d76460a.png,fear,local,4,0.67,False,False
val,happy/ckplus_9a65de6796bdada9.png,happy,ckplus,train,happy/ckplus_02d06c5c7dee3584.png,happy,ckplus,4,0.839,True,False
val,happy/ckplus_9a65de6796bdada9.png,happy,ckplus,train,happy/ckplus_1ef127f1f5f2ae0d.png,happy,ckplus,4,0.776,True,False
val,happy/ckplus_9a65de6796bdada9.png,happy,ckplus,train,happy/ckplus_258baa08150320b2.png,happy,ckplus,4,0.785,True,False
val,happy/ckplus_9a65de6796bdada9.png,happy,ckplus,train,happy/ckplus_2e3b6fd7f31539fa.png,happy,ckplus,4,0.816,True,False
val,happy/ckplus_9a65de6796bdada9.png,happy,ckplus,train,happy/ckplus_38b0e7ac041d5029.png,happy,ckplus,4,0.864,True,False
val,happy/ckplus_9a65de6796bdada9.png,happy,ckplus,train,happy/ckplus_66c52faf47873843.png,happy,ckplus,4,0.856,True,False
val,happy/ckplus_9a65de6796bdada9.png,happy,ckplus,train,happy/ckplus_76a3d42a7d30bad0.png,happy,ckplus,4,0.653,True,False
val,happy/ckplus_9a65de6796bdada9.png,happy,ckplus,train,happy/ckplus_82ce58492c98fc88.png,happy,ckplus,4,0.768,True,False
val,happy/ckplus_9a65de6796bdada9.png,happy,ckplus,train,happy/ckplus_aeb27fc349573de3.png,happy,ckplus,4,0.777,True,False
val,happy/ckplus_9a65de6796bdada9.png,happy,ckplus,train,happy/ckplus_b8b8d8595887a1b5.png,happy,ckplus,4,0.846,True,False
val,happy/ckplus_9a65de6796bdada9.png,happy,ckplus,train,happy/ckplus_c338796254b5307d.png,happy,ckplus,4,0.83,True,False
val,happy/ckplus_9a65de6796bdada9.png,happy,ckplus,train,happy/ckplus_d720f836b1a0c2c4.png,happy,ckplus,4,0.818,True,False
val,happy/ckplus_9a65de6796bdada9.png,happy,ckplus,train,happy/ckplus_e2beffddf6681408.png,happy,ckplus,4,0.853,True,False
val,happy/ckplus_9a65de6796bdada9.png,happy,ckplus,train,happy/ckplus_f8dd1b743d2f60ba.png,happy,ckplus,4,0.826,True,False
val,happy/ckplus_d33058bf956c647b.png,happy,ckplus,train,disgust/ckplus_c9fbf8c55301d052.png,disgust,ckplus,4,0.822,True,False
val,happy/ckplus_d33058bf956c647b.png,happy,ckplus,train,surprise/local_16bf4a30a5edf567.png,surprise,local,4,0.745,False,False
val,happy/ckplus_da0dc32800f6c2f1.png,happy,ckplus,train,disgust/ckplus_c9fbf8c55301d052.png,disgust,ckplus,4,0.862,True,False
val,happy/ckplus_da0dc32800f6c2f1.png,happy,ckplus,train,happy/ckplus_0b64031aff80aaab.png,happy,ckplus,4,0.845,True,False
val,happy/ckplus_da0dc32800f6c2f1.png,happy,ckplus,train,happy/ckplus_1f8779fd2b769696.png,happy,ckplus,4,0.846,True,False
val,happy/ckplus_da0dc32800f6c2f1.png,happy,ckplus,train,happy/ckplus_35d6dc9b55212d0b.png,happy,ckplus,4,0.896,True,False
val,happy/ckplus_da0dc32800f6c2f1.png,happy,ckplus,train,happy/ckplus_63d330763b494cb9.png,happy,ckplus,4,0.811,True,False
val,happy/ckplus_da0dc32800f6c2f1.png,happy,ckplus,train,happy/ckplus_a20c92f368c3dbc5.png,happy,ckplus,4,0.893,True,False
val,happy/ckplus_da0dc32800f6c2f1.png,happy,ckplus,train,surprise/ckplus_84cefd842fd1c538.png,surprise,ckplus,4,0.895,True,False
val,happy/ckplus_da0dc32800f6c2f1.png,happy,ckplus,train,surprise/ckplus_92d221817b50a3ab.png,surprise,ckplus,4,0.896,True,False
val,happy/ckplus_eeaf1a609a981a1c.png,happy,ckplus,train,disgust/aug_ckplus_d009adfdc9526f8d.png,disgust,augmented,4,0.738,True,False
val,happy/ckplus_eeaf1a609a981a1c.png,happy,ckplus,train,fear/ckplus_7ad59d62665074db.png,fear,ckplus,4,0.814,True,False
val,happy/ckplus_eeaf1a609a981a1c.png,happy,ckplus,train,fear/ckplus_d8a682170c7bd6e6.png,fear,ckplus,4,0.822,True,False
val,happy/ckplus_eeaf1a609a981a1c.png,happy,ckplus,train,happy/ckplus_66c52faf47873843.png,happy,ckplus,4,0.877,True,False
val,happy/ckplus_f711153f7667c981.png,happy,ckplus,train,disgust/ckplus_d46a7d335b04e89d.png,disgust,ckplus,4,0.87,True,False
val,happy/ckplus_f711153f7667c981.png,happy,ckplus,train,fear/ckplus_7ad59d62665074db.png,fear,ckplus,4,0.843,True,False
val,happy/ckplus_f711153f7667c981.png,happy,ckplus,train,fear/ckplus_d8a682170c7bd6e6.png,fear,ckplus,4,0.844,True,False
val,happy/ckplus_f711153f7667c981.png,happy,ckplus,train,happy/ckplus_0d4a8106b36f6ca9.png,happy,ckplus,4,0.889,True,False
val,happy/ckplus_f711153f7667c981.png,happy,ckplus,train,happy/ckplus_3e0213aa7874622a.png,happy,ckplus,4,0.858,True,False
val,happy/ckplus_f711153f7667c981.png,happy,ckplus,train,happy/ckplus_c4a6344a4a1e74e6.png,happy,ckplus,4,0.787,True,False
val,happy/ckplus_f711153f7667c981.png,happy,ckplus,train,happy/ckplus_d720f836b1a0c2c4.png,happy,ckplus,4,0.85,True,False
val,happy/local_00304b36a275462a.png,happy,local,train,disgust/affectnet_3cabcf14d1ab8b4a.png,disgust,affectnet,4,0.56,False,False
val,happy/local_00304b36a275462a.png,happy,local,train,happy/rafdb_033f3b83990a6dea.png,happy,rafdb,4,0.659,False,False
val,happy/local_00304b36a275462a.png,happy,local,train,surprise/rafdb_efe11a8a54d3b2df.png,surprise,rafdb,4,0.654,False,False
val,happy/local_0a5a9b436cc0c94f.png,happy,local,train,disgust/aug_local_60dc6612234903ba.png,disgust,augmented,4,0.702,False,False
val,happy/local_0a5a9b436cc0c94f.png,happy,local,train,happy/aug_rafdb_271c7a134599ceed.png,happy,augmented,4,0.678,False,False
val,happy/local_0a5a9b436cc0c94f.png,happy,local,train,happy/aug_rafdb_fa87bcd759c9c3ed.png,happy,augmented,4,0.51,False,False
val,happy/local_0a5a9b436cc0c94f.png,happy,local,train,happy/local_3c2ced6d4dd12943.png,happy,local,4,0.725,False,False
val,happy/local_0a5a9b436cc0c94f.png,happy,local,train,happy/rafdb_a346d6063bfc5933.png,happy,rafdb,4,0.622,False,False
val,happy/local_0a5a9b436cc0c94f.png,happy,local,train,neutral/aug_local_d1131486aa80e832.png,neutral,augmented,4,0.635,False,False
val,happy/local_0a5a9b436cc0c94f.png,happy,local,train,neutral/local_4ecb9e2f6373a0fa.png,neutral,local,4,0.68,False,False
val,happy/local_2bcbcc0e7ad30369.png,happy,local,train,fear/affectnet_03098794a9bf8eba.png,fear,affectnet,4,0.57,False,False
val,happy/local_2bcbcc0e7ad30369.png,happy,local,train,neutral/local_c14f356aa3da7921.png,neutral,local,4,0.735,False,False
val,happy/local_5a5ea8c43c516615.png,happy,local,train,fear/ckplus_d8a682170c7bd6e6.png,fear,ckplus,4,0.781,False,False
val,happy/local_5a5ea8c43c516615.png,happy,local,train,happy/ckplus_625cf48619c6a90e.png,happy,ckplus,4,0.834,False,False
val,happy/local_fade6d00ff7b576a.png,happy,local,train,disgust/ckplus_d28cd2b5ff69225d.png,disgust,ckplus,4,0.66,False,False
val,happy/local_fade6d00ff7b576a.png,happy,local,train,disgust/ckplus_e4172593ff47b43c.png,disgust,ckplus,4,0.656,False,False
val,happy/local_fade6d00ff7b576a.png,happy,local,train,disgust/ckplus_e6650dd9155f0ba8.png,disgust,ckplus,4,0.655,False,False
val,happy/rafdb_011e09d536e4a1b3.png,happy,rafdb,train,surprise/rafdb_efe11a8a54d3b2df.png,surprise,rafdb,4,0.52,False,False
val,happy/rafdb_05f0b1fdaf8a9a2d.png,happy,rafdb,train,happy/rafdb_c70c69f3ba1190dc.png,happy,rafdb,4,0.655,False,False
val,happy/rafdb_1214630e3982577f.png,happy,rafdb,train,fear/rafdb_65d31e456aaef82d.png,fear,rafdb,4,0.688,False,False
val,happy/rafdb_1214630e3982577f.png,happy,rafdb,train,happy/rafdb_3ebe26e6b91aee1d.png,happy,rafdb,4,0.702,False,False
val,happy/rafdb_2008f89827ea1686.png,happy,rafdb,train,angry/local_ca398be91f452da9.png,angry,local,4,0.643,False,False
val,happy/rafdb_3f68cc83361783a7.png,happy,rafdb,train,angry/rafdb_ddd2871230659731.png,angry,rafdb,4,0.696,False,False
val,happy/rafdb_3f68cc83361783a7.png,happy,rafdb,train,disgust/rafdb_f1fa7898beac457d.png,disgust,rafdb,4,0.683,False,False
val,happy/rafdb_3f68cc83361783a7.png,happy,rafdb,train,fear/affectnet_95c61ea4c55a7849.png,fear,affectnet,4,0.774,False,False
val,happy/rafdb_3f68cc83361783a7.png,happy,rafdb,train,happy/aug_rafdb_9dc5e170e0b72e4a.png,happy,augmented,4,0.694,False,False
val,happy/rafdb_3f68cc83361783a7.png,happy,rafdb,train,happy/rafdb_059025d46ed9fdf4.png,happy,rafdb,4,0.76,False,False
val,happy/rafdb_3f68cc83361783a7.png,happy,rafdb,train,happy/rafdb_0f58a4a965d074d0.png,happy,rafdb,4,0.692,False,False
val,happy/rafdb_3f68cc83361783a7.png,happy,rafdb,train,happy/rafdb_918a1f18046d475b.png,happy,rafdb,4,0.567,False,False
val,happy/rafdb_3f68cc83361783a7.png,happy,rafdb,train,happy/rafdb_9a465042f3213680.png,happy,rafdb,4,0.59,False,False
val,happy/rafdb_3f68cc83361783a7.png,happy,rafdb,train,happy/rafdb_9dc5e170e0b72e4a.png,happy,rafdb,4,0.713,False,False
val,happy/rafdb_3f68cc83361783a7.png,happy,rafdb,train,happy/rafdb_e8c6a48a60b9bd49.png,happy,rafdb,4,0.733,False,False
val,happy/rafdb_3f68cc83361783a7.png,happy,rafdb,train,neutral/aug_local_d1131486aa80e832.png,neutral,augmented,4,0.663,False,False
val,happy/rafdb_3f68cc83361783a7.png,happy,rafdb,train,neutral/local_7599330d89571b9d.png,neutral,local,4,0.784,False,False
val,happy/rafdb_3f68cc83361783a7.png,happy,rafdb,train,neutral/local_84a0adffc15db491.png,neutral,local,4,0.817,False,False
val,happy/rafdb_3f68cc83361783a7.png,happy,rafdb,train,neutral/local_ef41f24d25838af2.png,neutral,local,4,0.715,False,False
val,happy/rafdb_3f68cc83361783a7.png,happy,rafdb,train,sad/rafdb_87efa278f7bae778.png,sad,rafdb,4,0.788,False,False
val,happy/rafdb_3f68cc83361783a7.png,happy,rafdb,train,sad/rafdb_e2638392bde1cc75.png,sad,rafdb,4,0.734,False,False
val,happy/rafdb_3f68cc83361783a7.png,happy,rafdb,train,surprise/rafdb_c232f9a011acc591.png,surprise,rafdb,4,0.682,False,False
val,happy/rafdb_3f68cc83361783a7.png,happy,rafdb,train,surprise/rafdb_c93f186ae00918ad.png,surprise,rafdb,4,0.729,False,False
val,happy/rafdb_3fc7a207addf7804.png,happy,rafdb,train,angry/rafdb_b0d55c7b7cd92083.png,angry,rafdb,4,0.696,False,False
val,happy/rafdb_3fc7a207addf7804.png,happy,rafdb,train,happy/aug_rafdb_00b11e44ab08a56e.png,happy,augmented,4,0.783,False,False
val,happy/rafdb_3fc7a207addf7804.png,happy,rafdb,train,happy/aug_rafdb_bde625b1b76f9ec8.png,happy,augmented,4,0.633,False,False
val,happy/rafdb_3fc7a207addf7804.png,happy,rafdb,train,happy/rafdb_12777f95a1dda0d6.png,happy,rafdb,4,0.546,False,False
val,happy/rafdb_3fc7a207addf7804.png,happy,rafdb,train,happy/rafdb_27819f541a1e9858.png,happy,rafdb,4,0.507,False,False
val,happy/rafdb_3fc7a207addf7804.png,happy,rafdb,train,happy/rafdb_5ee8f622b8cbd91c.png,happy,rafdb,4,0.662,False,False
val,happy/rafdb_3fc7a207addf7804.png,happy,rafdb,train,happy/rafdb_9ccb7be5f61d4ac6.png,happy,rafdb,4,0.656,False,False
val,happy/rafdb_3fc7a207addf7804.png,happy,rafdb,train,happy/rafdb_b25469af6ffe1ce1.png,happy,rafdb,4,0.611,False,False
val,happy/rafdb_3fc7a207addf7804.png,happy,rafdb,train,happy/rafdb_bb4f8b4f1678dcd2.png,happy,rafdb,4,0.551,False,False
val,happy/rafdb_3fc7a207addf7804.png,happy,rafdb,train,happy/rafdb_dc9bfd8900c53964.png,happy,rafdb,4,0.649,False,False
val,happy/rafdb_3fc7a207addf7804.png,happy,rafdb,train,happy/rafdb_f22483a8d820628e.png,happy,rafdb,4,0.722,False,False
val,happy/rafdb_4cf18ff08efb5e54.png,happy,rafdb,train,disgust/aug_rafdb_a7f701299f907043.png,disgust,augmented,4,0.632,False,False
val,happy/rafdb_4cf18ff08efb5e54.png,happy,rafdb,train,disgust/local_9965476efa6d1a02.png,disgust,local,4,0.577,False,False
val,happy/rafdb_4cf18ff08efb5e54.png,happy,rafdb,train,disgust/local_dab67b1fa650a01e.png,disgust,local,4,0.549,False,False
val,happy/rafdb_4cf18ff08efb5e54.png,happy,rafdb,train,happy/aug_rafdb_d2143b6c224a0b93.png,happy,augmented,4,0.571,False,False
val,happy/rafdb_4cf18ff08efb5e54.png,happy,rafdb,train,happy/rafdb_261b83b98e8d780f.png,happy,rafdb,4,0.585,False,False
val,happy/rafdb_4cf18ff08efb5e54.png,happy,rafdb,train,happy/rafdb_8d8925875a971079.png,happy,rafdb,4,0.679,False,False
val,happy/rafdb_4cf18ff08efb5e54.png,happy,rafdb,train,neutral/local_d0fdf07246000cf5.png,neutral,local,4,0.553,False,False
val,happy/rafdb_4cf18ff08efb5e54.png,happy,rafdb,train,sad/aug_rafdb_2666812bcd5ddfd6.png,sad,augmented,4,0.621,False,False
val,happy/rafdb_4cf18ff08efb5e54.png,happy,rafdb,train,sad/rafdb_3041ff0622d13725.png,sad,rafdb,4,0.625,False,False
val,happy/rafdb_4cf18ff08efb5e54.png,happy,rafdb,train,sad/rafdb_a204339a27191e03.png,sad,rafdb,4,0.511,False,False
val,happy/rafdb_4cf18ff08efb5e54.png,happy,rafdb,train,surprise/local_167e19fced3a556a.png,surprise,local,4,0.458,False,False
val,happy/rafdb_4cf18ff08efb5e54.png,happy,rafdb,train,surprise/local_97fdfd77b3cdfae0.png,surprise,local,4,0.447,False,False
val,happy/rafdb_59132b1914c549ee.png,happy,rafdb,train,happy/rafdb_fef7fd0998de9472.png,happy,rafdb,4,0.626,False,False
val,happy/rafdb_597e5dadb54f5dd0.png,happy,rafdb,train,happy/aug_rafdb_c6317470af672cff.png,happy,augmented,4,0.637,False,False
val,happy/rafdb_597e5dadb54f5dd0.png,happy,rafdb,train,happy/aug_rafdb_fbb096e6ce01cb50.png,happy,augmented,4,0.568,False,False
val,happy/rafdb_597e5dadb54f5dd0.png,happy,rafdb,train,happy/rafdb_d9d7f921e7643321.png,happy,rafdb,4,0.623,False,False
val,happy/rafdb_5c63cf2220957d1f.png,happy,rafdb,train,happy/rafdb_949f003bc0d10507.png,happy,rafdb,4,0.596,False,False
val,happy/rafdb_5ed12f17c284d0db.png,happy,rafdb,train,happy/aug_rafdb_9ccb7be5f61d4ac6.png,happy,augmented,4,0.505,False,False
val,happy/rafdb_5ed12f17c284d0db.png,happy,rafdb,train,happy/aug_rafdb_ed9035aac3af8de5.png,happy,augmented,4,0.524,False,False
val,happy/rafdb_5ed12f17c284d0db.png,happy,rafdb,train,happy/rafdb_2876c2859635ebf3.png,happy,rafdb,4,0.696,False,False
val,happy/rafdb_5ed12f17c284d0db.png,happy,rafdb,train,happy/rafdb_9ccb7be5f61d4ac6.png,happy,rafdb,4,0.486,False,False
val,happy/rafdb_5ed12f17c284d0db.png,happy,rafdb,train,happy/rafdb_be04a6f43997aac5.png,happy,rafdb,4,0.63,False,False
val,happy/rafdb_63fd5a7dda43fa0c.png,happy,rafdb,train,happy/rafdb_90e1ebd3bfb387bc.png,happy,rafdb,4,0.609,False,False
val,happy/rafdb_6860a0d5c3b8262b.png,happy,rafdb,train,happy/rafdb_63d8a1f227be2e53.png,happy,rafdb,4,0.764,False,False
val,happy/rafdb_77cdd86faeaee5e3.png,happy,rafdb,train,disgust/affectnet_d49dadde7dc34a1b.png,disgust,affectnet,4,0.491,False,False
val,happy/rafdb_77cdd86faeaee5e3.png,happy,rafdb,train,sad/rafdb_13f4be3caf74eda6.png,sad,rafdb,4,0.695,False,False
val,happy/rafdb_888bb1d941afe19a.png,happy,rafdb,train,happy/rafdb_af19527e27f40ad4.png,happy,rafdb,4,0.607,False,False
val,happy/rafdb_88e6ce17ef3fc682.png,happy,rafdb,train,angry/rafdb_365cd39cadd527eb.png,angry,rafdb,4,0.586,False,False
val,happy/rafdb_88e6ce17ef3fc682.png,happy,rafdb,train,happy/rafdb_8510ebe9866c5aad.png,happy,rafdb,4,0.702,False,False
val,happy/rafdb_8f7ca0bc16c52a75.png,happy,rafdb,train,happy/aug_rafdb_9ccb7be5f61d4ac6.png,happy,augmented,4,0.46,False,False
val,happy/rafdb_8f7ca0bc16c52a75.png,happy,rafdb,train,happy/aug_rafdb_fa64ee603ef3cbee.png,happy,augmented,4,0.7,False,False
val,happy/rafdb_8f7ca0bc16c52a75.png,happy,rafdb,train,happy/rafdb_1824f1f9870ff50d.png,happy,rafdb,4,0.623,False,False
val,happy/rafdb_8f7ca0bc16c52a75.png,happy,rafdb,train,happy/rafdb_591331a4ca0f7829.png,happy,rafdb,4,0.672,False,False
val,happy/rafdb_8f7ca0bc16c52a75.png,happy,rafdb,train,happy/rafdb_82db6a3f86b59c2f.png,happy,rafdb,4,0.558,False,False
val,happy/rafdb_8f7ca0bc16c52a75.png,happy,rafdb,train,happy/rafdb_949f003bc0d10507.png,happy,rafdb,4,0.622,False,False
val,happy/rafdb_8f7ca0bc16c52a75.png,happy,rafdb,train,happy/rafdb_b29a4bc42ac6de37.png,happy,rafdb,4,0.685,False,False
val,happy/rafdb_90022fa5bd8ccdde.png,happy,rafdb,train,happy/rafdb_667893c3796d0131.png,happy,rafdb,4,0.667,False,False
val,happy/rafdb_9c853e625d615342.png,happy,rafdb,train,angry/rafdb_f55f602c812628b4.png,angry,rafdb,4,0.755,False,False
val,happy/rafdb_9c853e625d615342.png,happy,rafdb,train,happy/rafdb_7309e00d3c684f60.png,happy,rafdb,4,0.727,False,False
val,happy/rafdb_9ef561d3746f5a2f.png,happy,rafdb,train,happy/rafdb_adb53809da8cb1e0.png,happy,rafdb,4,0.716,False,False
val,happy/rafdb_9ef561d3746f5a2f.png,happy,rafdb,train,happy/rafdb_fa87bcd759c9c3ed.png,happy,rafdb,4,0.603,False,False
val,happy/rafdb_a2a6e7dc1cb41ac4.png,happy,rafdb,train,happy/rafdb_710ea8a702a6b6f8.png,happy,rafdb,4,0.495,False,False
val,happy/rafdb_a2a6e7dc1cb41ac4.png,happy,rafdb,train,happy/rafdb_aa4bfecb790d2765.png,happy,rafdb,4,0.483,False,False
val,happy/rafdb_a321da1d45a6511a.png,happy,rafdb,train,happy/aug_rafdb_bd72a1421aafebe3.png,happy,augmented,4,0.586,False,False
val,happy/rafdb_a41b3dc8399ab7fe.png,happy,rafdb,train,fear/rafdb_6896b86bc4696299.png,fear,rafdb,4,0.442,False,False
val,happy/rafdb_ad557763ae127e52.png,happy,rafdb,train,angry/rafdb_1bb1a943b278a82b.png,angry,rafdb,4,0.622,False,False
val,happy/rafdb_ad557763ae127e52.png,happy,rafdb,train,fear/aug_rafdb_a9dd95825435562e.png,fear,augmented,4,0.625,False,False
val,happy/rafdb_ad557763ae127e52.png,happy,rafdb,train,fear/rafdb_3f5824e5ed646a3f.png,fear,rafdb,4,0.588,False,False
val,happy/rafdb_ad557763ae127e52.png,happy,rafdb,train,happy/aug_rafdb_4b57e5bcab809b84.png,happy,augmented,4,0.665,False,False
val,happy/rafdb_ad557763ae127e52.png,happy,rafdb,train,happy/aug_rafdb_4fe926d43456133f.png,happy,augmented,4,0.61,False,False
val,happy/rafdb_ad557763ae127e52.png,happy,rafdb,train,happy/aug_rafdb_e6c7932d88941093.png,happy,augmented,4,0.603,False,False
val,happy/rafdb_ad557763ae127e52.png,happy,rafdb,train,happy/rafdb_5ee8f622b8cbd91c.png,happy,rafdb,4,0.68,False,False
val,happy/rafdb_ad557763ae127e52.png,happy,rafdb,train,happy/rafdb_67d308ed9ac1024b.png,happy,rafdb,4,0.642,False,False
val,happy/rafdb_ad557763ae127e52.png,happy,rafdb,train,happy/rafdb_9ccb7be5f61d4ac6.png,happy,rafdb,4,0.536,False,False
val,happy/rafdb_ad557763ae127e52.png,happy,rafdb,train,happy/rafdb_c65477f6438623b2.png,happy,rafdb,4,0.726,False,False
val,happy/rafdb_ad557763ae127e52.png,happy,rafdb,train,happy/rafdb_fe488a050b928e80.png,happy,rafdb,4,0.587,False,False
val,happy/rafdb_c84d91c8eae08656.png,happy,rafdb,train,happy/rafdb_a21349193aec014a.png,happy,rafdb,4,0.78,False,False
val,happy/rafdb_ccf31abcc16c15f2.png,happy,rafdb,train,happy/aug_rafdb_9ccb7be5f61d4ac6.png,happy,augmented,4,0.648,False,False
val,happy/rafdb_ccf31abcc16c15f2.png,happy,rafdb,train,happy/rafdb_32723a722efbb878.png,happy,rafdb,4,0.666,False,False
val,happy/rafdb_ccf31abcc16c15f2.png,happy,rafdb,train,happy/rafdb_63e11ca8b818ba97.png,happy,rafdb,4,0.751,False,False
val,happy/rafdb_ccf31abcc16c15f2.png,happy,rafdb,train,happy/rafdb_9ccb7be5f61d4ac6.png,happy,rafdb,4,0.632,False,False
val,happy/rafdb_ccf31abcc16c15f2.png,happy,rafdb,train,happy/rafdb_a83fc21e167ee15a.png,happy,rafdb,4,0.676,False,False
val,happy/rafdb_d114a1c0f32273f2.png,happy,rafdb,train,happy/rafdb_b1353113ef88edff.png,happy,rafdb,4,0.797,False,False
val,happy/rafdb_d8ca62dffe91637b.png,happy,rafdb,train,happy/rafdb_5cf7bc6cfd49dae3.png,happy,rafdb,4,0.693,False,False
val,happy/rafdb_dbce7602bc4b17d8.png,happy,rafdb,train,happy/aug_rafdb_50b5d149bb2d3a4b.png,happy,augmented,4,0.541,False,False
val,happy/rafdb_dbce7602bc4b17d8.png,happy,rafdb,train,happy/rafdb_fc46a7ae2db7da7c.png,happy,rafdb,4,0.605,False,False
val,happy/rafdb_dd4919c8a4b19672.png,happy,rafdb,train,happy/aug_rafdb_0262babc08d3031f.png,happy,augmented,4,0.583,False,False
val,happy/rafdb_dd4919c8a4b19672.png,happy,rafdb,train,happy/rafdb_650e4215330bb2a6.png,happy,rafdb,4,0.695,False,False
val,happy/rafdb_e7c80423ad234bbe.png,happy,rafdb,train,happy/rafdb_80ade0858f7a65e6.png,happy,rafdb,4,0.831,False,False
val,happy/rafdb_e7c80423ad234bbe.png,happy,rafdb,train,sad/rafdb_9bd05b3b03fca562.png,sad,rafdb,4,0.768,False,False
val,neutral/local_118078af1145879f.png,neutral,local,train,happy/aug_rafdb_aac1f121f6b94404.png,happy,augmented,4,0.605,False,False
val,neutral/local_289260c1bee54064.png,neutral,local,train,sad/local_3b8cc1815e4ca171.png,sad,local,4,0.601,False,False
val,neutral/local_321a29afcc99ad32.png,neutral,local,train,fear/aug_local_1b9bed938b1c926f.png,fear,augmented,4,0.615,False,False
val,neutral/local_321a29afcc99ad32.png,neutral,local,train,happy/aug_rafdb_3ebe26e6b91aee1d.png,happy,augmented,4,0.774,False,False
val,neutral/local_321a29afcc99ad32.png,neutral,local,train,sad/rafdb_b338ec61e469fc7d.png,sad,rafdb,4,0.797,False,False
val,neutral/local_4c14a5ca73c03e28.png,neutral,local,train,neutral/local_2c81b5117543151b.png,neutral,local,4,0.641,False,False
val,neutral/local_551bb5a3153e1c32.png,neutral,local,train,angry/rafdb_12406f250ea3ee4f.png,angry,rafdb,4,0.677,False,False
val,neutral/local_597520dca21d7fb7.png,neutral,local,train,disgust/ckplus_9d8a1145ce7a95c1.png,disgust,ckplus,4,0.613,False,False
val,neutral/local_5e9a81c342eb18b7.png,neutral,local,train,surprise/local_d859d02901070f08.png,surprise,local,4,0.577,False,False
val,neutral/local_8331f15292450846.png,neutral,local,train,neutral/local_268eb6bacb07c649.png,neutral,local,4,0.569,False,False
val,neutral/local_8331f15292450846.png,neutral,local,train,surprise/local_d859d02901070f08.png,surprise,local,4,0.706,False,False
val,neutral/local_88ee8dbc2ed113fd.png,neutral,local,train,neutral/local_1e6e41fd7e011c20.png,neutral,local,4,0.786,False,False
val,neutral/local_88ee8dbc2ed113fd.png,neutral,local,train,surprise/local_a1d7abd96bb0b67c.png,surprise,local,4,0.803,False,False
val,neutral/local_9a8db2d5b8bb9e3e.png,neutral,local,train,happy/aug_rafdb_780c1623693ffd7e.png,happy,augmented,4,0.73,False,False
val,neutral/local_9ff251d6096884bd.png,neutral,local,train,disgust/aug_affectnet_a2998c10b9bd7920.png,disgust,augmented,4,0.697,False,False
val,neutral/local_9ff251d6096884bd.png,neutral,local,train,disgust/aug_local_66329794373d6261.png,disgust,augmented,4,0.806,False,False
val,neutral/local_9ff251d6096884bd.png,neutral,local,train,disgust/local_acba736a9e1293de.png,disgust,local,4,0.643,False,False
val,neutral/local_9ff251d6096884bd.png,neutral,local,train,fear/aug_local_c5e17ee4a49731b4.png,fear,augmented,4,0.636,False,False
val,neutral/local_9ff251d6096884bd.png,neutral,local,train,happy/aug_rafdb_c1b08b5716c48c9b.png,happy,augmented,4,0.726,False,False
val,neutral/local_aadd6c951e65424b.png,neutral,local,train,angry/ckplus_bb32de97a003eb33.png,angry,ckplus,4,0.613,False,False
val,neutral/local_aadd6c951e65424b.png,neutral,local,train,disgust/ckplus_b0e309145dfb2f8b.png,disgust,ckplus,4,0.698,False,False
val,neutral/local_aadd6c951e65424b.png,neutral,local,train,fear/affectnet_03098794a9bf8eba.png,fear,affectnet,4,0.671,False,False
val,neutral/local_aadd6c951e65424b.png,neutral,local,train,sad/aug_rafdb_487e314328d2b418.png,sad,augmented,4,0.578,False,False
val,neutral/local_b44a2b04defdbd81.png,neutral,local,train,disgust/aug_affectnet_56b2f9b71788afeb.png,disgust,augmented,4,0.798,False,False
val,neutral/rafdb_4ac5c41230469f24.png,neutral,rafdb,train,neutral/rafdb_9e6affc8205d6c8b.png,neutral,rafdb,4,0.742,False,False
val,neutral/rafdb_56e90a618bcf15ef.png,neutral,rafdb,train,neutral/rafdb_6a07870a872b0fc0.png,neutral,rafdb,4,0.755,False,False
val,neutral/rafdb_8851f2036b550553.png,neutral,rafdb,train,neutral/rafdb_7b11ad17318518f9.png,neutral,rafdb,4,0.773,False,False
val,neutral/rafdb_8851f2036b550553.png,neutral,rafdb,train,neutral/rafdb_933d40c8a8d982d5.png,neutral,rafdb,4,0.787,False,False
val,neutral/rafdb_961429076b74b264.png,neutral,rafdb,train,angry/local_b47bcb006307375c.png,angry,local,4,0.605,False,False
val,neutral/rafdb_a808e74aebc9cb81.png,neutral,rafdb,train,angry/ckplus_0fc054fabdfab893.png,angry,ckplus,4,0.802,False,False
val,neutral/rafdb_a808e74aebc9cb81.png,neutral,rafdb,train,angry/local_20048c2f09bce747.png,angry,local,4,0.778,False,False
val,neutral/rafdb_a808e74aebc9cb81.png,neutral,rafdb,train,angry/local_535687984ddf15ec.png,angry,local,4,0.838,False,False
val,neutral/rafdb_a808e74aebc9cb81.png,neutral,rafdb,train,angry/local_82d5dce8ce684273.png,angry,local,4,0.82,False,False
val,neutral/rafdb_a808e74aebc9cb81.png,neutral,rafdb,train,angry/local_bbee1fa0839db5c0.png,angry,local,4,0.725,False,False
val,neutral/rafdb_a808e74aebc9cb81.png,neutral,rafdb,train,disgust/affectnet_5ef5e6ab16ff6b75.png,disgust,affectnet,4,0.524,False,False
val,neutral/rafdb_a808e74aebc9cb81.png,neutral,rafdb,train,disgust/ckplus_787e324fba52d1c0.png,disgust,ckplus,4,0.795,False,False
val,neutral/rafdb_a808e74aebc9cb81.png,neutral,rafdb,train,happy/ckplus_24e66894ccd05640.png,happy,ckplus,4,0.787,False,False
val,neutral/rafdb_a808e74aebc9cb81.png,neutral,rafdb,train,happy/ckplus_a11a21cf69fc0f43.png,happy,ckplus,4,0.836,False,False
val,neutral/rafdb_a808e74aebc9cb81.png,neutral,rafdb,train,happy/local_3c2ced6d4dd12943.png,happy,local,4,0.732,False,False
val,neutral/rafdb_a808e74aebc9cb81.png,neutral,rafdb,train,neutral/aug_rafdb_f35c9d1861d855f8.png,neutral,augmented,4,0.711,False,False
val,neutral/rafdb_a808e74aebc9cb81.png,neutral,rafdb,train,neutral/local_af292e62e2ef6752.png,neutral,local,4,0.608,False,False
val,neutral/rafdb_a808e74aebc9cb81.png,neutral,rafdb,train,sad/ckplus_7deb6bb8e1e8e6c3.png,sad,ckplus,4,0.757,False,False
val,neutral/rafdb_a808e74aebc9cb81.png,neutral,rafdb,train,sad/ckplus_b340d36ce62b0929.png,sad,ckplus,4,0.731,False,False
val,neutral/rafdb_a808e74aebc9cb81.png,neutral,rafdb,train,sad/rafdb_201ff87f45b3f6cc.png,sad,rafdb,4,0.58,False,False
val,neutral/rafdb_a808e74aebc9cb81.png,neutral,rafdb,train,surprise/aug_rafdb_47cd2de920943838.png,surprise,augmented,4,0.58,False,False
val,sad/ckplus_158b41237f0dbf4d.png,sad,ckplus,train,disgust/ckplus_fcef3f696ee6d605.png,disgust,ckplus,4,0.72,True,False
val,sad/ckplus_158b41237f0dbf4d.png,sad,ckplus,train,fear/ckplus_4ee3732dbdc89453.png,fear,ckplus,4,0.855,True,False
val,sad/ckplus_158b41237f0dbf4d.png,sad,ckplus,train,fear/ckplus_6253d78159d85238.png,fear,ckplus,4,0.851,True,False
val,sad/ckplus_235314cb0e034a96.png,sad,ckplus,train,angry/aug_ckplus_79b606cedf4a4c93.png,angry,augmented,4,0.766,True,False
val,sad/ckplus_235314cb0e034a96.png,sad,ckplus,train,disgust/ckplus_b951c4cbd5721885.png,disgust,ckplus,4,0.693,True,False
val,sad/ckplus_235314cb0e034a96.png,sad,ckplus,train,disgust/ckplus_cd8d6065124a25c4.png,disgust,ckplus,4,0.637,True,False
val,sad/ckplus_235314cb0e034a96.png,sad,ckplus,train,disgust/ckplus_ee97a671ad88a948.png,disgust,ckplus,4,0.619,True,False
val,sad/ckplus_235314cb0e034a96.png,sad,ckplus,train,sad/ckplus_20fba4af2d06656a.png,sad,ckplus,4,0.785,True,False
val,sad/ckplus_235314cb0e034a96.png,sad,ckplus,train,sad/ckplus_4f027a4c6d8f79c4.png,sad,ckplus,4,0.8,True,False
val,sad/ckplus_235314cb0e034a96.png,sad,ckplus,train,sad/ckplus_c6b4c59dd39bc952.png,sad,ckplus,4,0.798,True,False
val,sad/ckplus_235314cb0e034a96.png,sad,ckplus,train,surprise/ckplus_65eb2ebeb137ddd0.png,surprise,ckplus,4,0.78,True,False
val,sad/ckplus_235314cb0e034a96.png,sad,ckplus,train,surprise/ckplus_b204fd7f4d4e625e.png,surprise,ckplus,4,0.76,True,False
val,sad/ckplus_235314cb0e034a96.png,sad,ckplus,train,surprise/ckplus_c534e24cde9adee2.png,surprise,ckplus,4,0.759,True,False
val,sad/ckplus_7848b349c901b29e.png,sad,ckplus,train,disgust/ckplus_85a3962027e5e101.png,disgust,ckplus,4,0.713,True,False
val,sad/ckplus_7848b349c901b29e.png,sad,ckplus,train,sad/ckplus_a84b14d774a9b8ef.png,sad,ckplus,4,0.846,True,False
val,sad/ckplus_a84b3234e2b32a71.png,sad,ckplus,train,disgust/ckplus_924efcfe6b3d25a6.png,disgust,ckplus,4,0.694,True,False
val,sad/ckplus_a84b3234e2b32a71.png,sad,ckplus,train,sad/aug_ckplus_a84b14d774a9b8ef.png,sad,augmented,4,0.756,True,False
val,sad/ckplus_a84b3234e2b32a71.png,sad,ckplus,train,sad/ckplus_7110d935f1f3c303.png,sad,ckplus,4,0.783,True,False
val,sad/ckplus_a84b3234e2b32a71.png,sad,ckplus,train,sad/ckplus_a84b14d774a9b8ef.png,sad,ckplus,4,0.778,True,False
val,sad/ckplus_a84b3234e2b32a71.png,sad,ckplus,train,sad/ckplus_ae31a46d0c30f00c.png,sad,ckplus,4,0.778,True,False
val,sad/ckplus_fb7d5fc5c2ea6ec0.png,sad,ckplus,train,disgust/ckplus_924efcfe6b3d25a6.png,disgust,ckplus,4,0.688,True,False
val,sad/ckplus_fb7d5fc5c2ea6ec0.png,sad,ckplus,train,disgust/ckplus_d7f2370f5f088275.png,disgust,ckplus,4,0.703,True,False
val,sad/ckplus_fb7d5fc5c2ea6ec0.png,sad,ckplus,train,sad/ckplus_7110d935f1f3c303.png,sad,ckplus,4,0.782,True,False
val,sad/ckplus_fb7d5fc5c2ea6ec0.png,sad,ckplus,train,sad/ckplus_a84b14d774a9b8ef.png,sad,ckplus,4,0.768,True,False
val,sad/ckplus_fb7d5fc5c2ea6ec0.png,sad,ckplus,train,sad/ckplus_ae31a46d0c30f00c.png,sad,ckplus,4,0.779,True,False
val,sad/local_00c15cb85c9c3802.png,sad,local,train,angry/local_8efbc219a2256598.png,angry,local,4,0.652,False,False
val,sad/local_00c15cb85c9c3802.png,sad,local,train,disgust/local_25326355dc14f883.png,disgust,local,4,0.495,False,False
val,sad/local_00c15cb85c9c3802.png,sad,local,train,fear/local_ccfeb11946f4707e.png,fear,local,4,0.638,False,False
val,sad/local_00c15cb85c9c3802.png,sad,local,train,neutral/local_e8c6ff8cf199e97d.png,neutral,local,4,0.703,False,False
val,sad/local_00c15cb85c9c3802.png,sad,local,train,surprise/rafdb_bc1f6ef84c0aa81b.png,surprise,rafdb,4,0.478,False,False
val,sad/local_11e5da2636595d94.png,sad,local,train,disgust/aug_local_01b74171e0081f8e.png,disgust,augmented,4,0.707,False,False
val,sad/local_194af9163abf873e.png,sad,local,train,disgust/affectnet_96faa60fcecdf859.png,disgust,affectnet,4,0.784,False,False
val,sad/local_194af9163abf873e.png,sad,local,train,fear/local_d309ab91875630ae.png,fear,local,4,0.786,False,False
val,sad/local_194af9163abf873e.png,sad,local,train,neutral/aug_local_ade74894caa93643.png,neutral,augmented,4,0.749,False,False
val,sad/local_22fc7ee1a1a68b61.png,sad,local,train,sad/aug_rafdb_4add4f65df5346ed.png,sad,augmented,4,0.58,False,False
val,sad/local_5df1558324849b88.png,sad,local,train,sad/local_2ff875eb25d138fd.png,sad,local,4,0.445,False,False
val,sad/local_7d24ab580b20a510.png,sad,local,train,angry/local_70522b0913c15458.png,angry,local,4,0.623,False,False
val,sad/local_7d24ab580b20a510.png,sad,local,train,disgust/rafdb_a0607df7e301114a.png,disgust,rafdb,4,0.683,False,False
val,sad/local_923c1cf1b13ab606.png,sad,local,train,neutral/aug_local_5d25c84ac40e1020.png,neutral,augmented,4,0.575,False,False
val,sad/local_923c1cf1b13ab606.png,sad,local,train,surprise/local_23ad8da1f49bf500.png,surprise,local,4,0.629,False,False
val,sad/local_abd6526408b4a46f.png,sad,local,train,fear/local_5b2ba03bbf5b00eb.png,fear,local,4,0.798,False,False
val,sad/local_abd6526408b4a46f.png,sad,local,train,surprise/local_76262889e11e9666.png,surprise,local,4,0.796,False,False
val,sad/local_faeb30ed031efed7.png,sad,local,train,angry/local_20048c2f09bce747.png,angry,local,4,0.757,False,False
val,sad/local_faeb30ed031efed7.png,sad,local,train,angry/local_bbee1fa0839db5c0.png,angry,local,4,0.745,False,False
val,sad/local_faeb30ed031efed7.png,sad,local,train,disgust/affectnet_5ef5e6ab16ff6b75.png,disgust,affectnet,4,0.592,False,False
val,sad/local_faeb30ed031efed7.png,sad,local,train,disgust/ckplus_4583fc01570cb1b6.png,disgust,ckplus,4,0.774,False,False
val,sad/local_faeb30ed031efed7.png,sad,local,train,disgust/ckplus_787e324fba52d1c0.png,disgust,ckplus,4,0.771,False,False
val,sad/local_faeb30ed031efed7.png,sad,local,train,neutral/local_15e27d71b9e0b8ba.png,neutral,local,4,0.75,False,False
val,sad/local_faeb30ed031efed7.png,sad,local,train,neutral/local_aa34c0838a6cd253.png,neutral,local,4,0.715,False,False
val,sad/local_faeb30ed031efed7.png,sad,local,train,sad/ckplus_7deb6bb8e1e8e6c3.png,sad,ckplus,4,0.747,False,False
val,sad/local_faeb30ed031efed7.png,sad,local,train,surprise/aug_rafdb_47cd2de920943838.png,surprise,augmented,4,0.662,False,False
val,sad/local_faeb30ed031efed7.png,sad,local,train,surprise/local_d7ef45b9deaf9f34.png,surprise,local,4,0.611,False,False
val,sad/rafdb_10b3a5a9988f1a78.png,sad,rafdb,train,fear/aug_local_983b6c363c114a46.png,fear,augmented,4,0.63,False,False
val,sad/rafdb_10b3a5a9988f1a78.png,sad,rafdb,train,happy/rafdb_650e4215330bb2a6.png,happy,rafdb,4,0.487,False,False
val,sad/rafdb_2b8b495759a076fd.png,sad,rafdb,train,sad/rafdb_663a3fedf5a87221.png,sad,rafdb,4,0.693,False,False
val,sad/rafdb_2f6b55a7e27cd7e4.png,sad,rafdb,train,happy/rafdb_3ebe26e6b91aee1d.png,happy,rafdb,4,0.699,False,False
val,sad/rafdb_338b4340153bf9d7.png,sad,rafdb,train,angry/local_066346aceaa978a2.png,angry,local,4,0.724,False,False
val,sad/rafdb_3773763d87881966.png,sad,rafdb,train,angry/rafdb_5e77e48e6b9119f9.png,angry,rafdb,4,0.433,False,False
val,sad/rafdb_3773763d87881966.png,sad,rafdb,train,happy/aug_rafdb_0f58a4a965d074d0.png,happy,augmented,4,0.601,False,False
val,sad/rafdb_3773763d87881966.png,sad,rafdb,train,happy/aug_rafdb_2c3073d7bfa12069.png,happy,augmented,4,0.69,False,False
val,sad/rafdb_3773763d87881966.png,sad,rafdb,train,happy/aug_rafdb_841880c4f0c9dfeb.png,happy,augmented,4,0.753,False,False
val,sad/rafdb_3773763d87881966.png,sad,rafdb,train,happy/rafdb_678abe2f3226cf0f.png,happy,rafdb,4,0.638,False,False
val,sad/rafdb_3773763d87881966.png,sad,rafdb,train,happy/rafdb_ee863ae8900a2887.png,happy,rafdb,4,0.686,False,False
val,sad/rafdb_3773763d87881966.png,sad,rafdb,train,surprise/aug_local_465866ef65d1e824.png,surprise,augmented,4,0.555,False,False
val,sad/rafdb_3773763d87881966.png,sad,rafdb,train,surprise/rafdb_16d8c186c2125f36.png,surprise,rafdb,4,0.627,False,False
val,sad/rafdb_4048b202f3d2688e.png,sad,rafdb,train,angry/aug_local_8088b8370f41e347.png,angry,augmented,4,0.66,False,False
val,sad/rafdb_4048b202f3d2688e.png,sad,rafdb,train,angry/local_3b060cd557601032.png,angry,local,4,0.682,False,False
val,sad/rafdb_4048b202f3d2688e.png,sad,rafdb,train,happy/aug_rafdb_c1b08b5716c48c9b.png,happy,augmented,4,0.758,False,False
val,sad/rafdb_4048b202f3d2688e.png,sad,rafdb,train,neutral/local_21b2c919db28f34a.png,neutral,local,4,0.735,False,False
val,sad/rafdb_4048b202f3d2688e.png,sad,rafdb,train,surprise/aug_local_edf3aef76ac6a614.png,surprise,augmented,4,0.763,False,False
val,sad/rafdb_5b38554a64056f27.png,sad,rafdb,train,happy/aug_rafdb_16a433218a220290.png,happy,augmented,4,0.62,False,False
val,sad/rafdb_5b38554a64056f27.png,sad,rafdb,train,happy/rafdb_3ebe26e6b91aee1d.png,happy,rafdb,4,0.822,False,False
val,sad/rafdb_5b38554a64056f27.png,sad,rafdb,train,sad/rafdb_12e47649818d8ace.png,sad,rafdb,4,0.782,False,False
val,sad/rafdb_74a2a3af489a6524.png,sad,rafdb,train,happy/aug_rafdb_780c1623693ffd7e.png,happy,augmented,4,0.765,False,False
val,sad/rafdb_74a2a3af489a6524.png,sad,rafdb,train,sad/rafdb_8be8e26a5f2ddf43.png,sad,rafdb,4,0.687,False,False
val,sad/rafdb_920ea40292046dc2.png,sad,rafdb,train,happy/local_3c2ced6d4dd12943.png,happy,local,4,0.606,False,False
val,sad/rafdb_920ea40292046dc2.png,sad,rafdb,train,happy/rafdb_6dfb9df41cbfebf7.png,happy,rafdb,4,0.643,False,False
val,sad/rafdb_920ea40292046dc2.png,sad,rafdb,train,neutral/aug_local_d1131486aa80e832.png,neutral,augmented,4,0.642,False,False
val,sad/rafdb_920ea40292046dc2.png,sad,rafdb,train,neutral/local_9ab292d7f6636a47.png,neutral,local,4,0.585,False,False
val,sad/rafdb_920ea40292046dc2.png,sad,rafdb,train,neutral/local_fa3cdc35e71197b2.png,neutral,local,4,0.676,False,False
val,sad/rafdb_920ea40292046dc2.png,sad,rafdb,train,surprise/local_7e48587bcc81e27d.png,surprise,local,4,0.653,False,False
val,sad/rafdb_978dd612763cbf9a.png,sad,rafdb,train,sad/rafdb_2d166c80a16a3076.png,sad,rafdb,4,0.77,False,False
val,sad/rafdb_9d75539b84ad46f7.png,sad,rafdb,train,disgust/aug_rafdb_a44df096e426d487.png,disgust,augmented,4,0.768,False,False
val,sad/rafdb_c1342e98df37c4c3.png,sad,rafdb,train,sad/rafdb_8caf5f9c5a5277d5.png,sad,rafdb,4,0.788,False,False
val,sad/rafdb_c33e4afba17afc95.png,sad,rafdb,train,disgust/rafdb_082e1267f5ee4f8e.png,disgust,rafdb,4,0.627,False,False
val,sad/rafdb_d1faf4d61eb5abfd.png,sad,rafdb,train,happy/rafdb_7cae20ee87ed8c97.png,happy,rafdb,4,0.744,False,False
val,sad/rafdb_e9a64694444c6a5d.png,sad,rafdb,train,disgust/rafdb_a7f701299f907043.png,disgust,rafdb,4,0.591,False,False
val,sad/rafdb_e9a64694444c6a5d.png,sad,rafdb,train,happy/aug_rafdb_9dc5e170e0b72e4a.png,happy,augmented,4,0.531,False,False
val,sad/rafdb_e9a64694444c6a5d.png,sad,rafdb,train,happy/aug_rafdb_c6317470af672cff.png,happy,augmented,4,0.709,False,False
val,sad/rafdb_e9a64694444c6a5d.png,sad,rafdb,train,happy/rafdb_7780499d7ec32e68.png,happy,rafdb,4,0.533,False,False
val,sad/rafdb_e9a64694444c6a5d.png,sad,rafdb,train,happy/rafdb_c65477f6438623b2.png,happy,rafdb,4,0.589,False,False
val,sad/rafdb_e9a64694444c6a5d.png,sad,rafdb,train,neutral/local_84a0adffc15db491.png,neutral,local,4,0.605,False,False
val,sad/rafdb_e9a64694444c6a5d.png,sad,rafdb,train,surprise/local_21416166ba82487c.png,surprise,local,4,0.541,False,False
val,sad/rafdb_fcaae9832dbe338c.png,sad,rafdb,train,happy/rafdb_00b11e44ab08a56e.png,happy,rafdb,4,0.503,False,False
val,surprise/ckplus_2068f5be0cb5eecb.png,surprise,ckplus,train,surprise/ckplus_34902cdef7cdc90e.png,surprise,ckplus,4,0.721,True,False
val,surprise/ckplus_2068f5be0cb5eecb.png,surprise,ckplus,train,surprise/ckplus_678775d1eba0a48c.png,surprise,ckplus,4,0.721,True,False
val,surprise/ckplus_2068f5be0cb5eecb.png,surprise,ckplus,train,surprise/ckplus_d628a581c3740f87.png,surprise,ckplus,4,0.722,True,False
val,surprise/ckplus_2532e79a56f6053f.png,surprise,ckplus,train,angry/aug_ckplus_79b606cedf4a4c93.png,angry,augmented,4,0.767,True,False
val,surprise/ckplus_2532e79a56f6053f.png,surprise,ckplus,train,surprise/ckplus_0d4446e8a261aa99.png,surprise,ckplus,4,0.758,True,False
val,surprise/ckplus_2532e79a56f6053f.png,surprise,ckplus,train,surprise/ckplus_241ffe40337a0a01.png,surprise,ckplus,4,0.734,True,False
val,surprise/ckplus_2532e79a56f6053f.png,surprise,ckplus,train,surprise/ckplus_2af0df67dbf3f401.png,surprise,ckplus,4,0.736,True,False
val,surprise/ckplus_2532e79a56f6053f.png,surprise,ckplus,train,surprise/ckplus_42bb4c8849b6c2de.png,surprise,ckplus,4,0.884,True,False
val,surprise/ckplus_2532e79a56f6053f.png,surprise,ckplus,train,surprise/ckplus_54e3e95cc9b1634d.png,surprise,ckplus,4,0.764,True,False
val,surprise/ckplus_2532e79a56f6053f.png,surprise,ckplus,train,surprise/ckplus_5e0572d83846d907.png,surprise,ckplus,4,0.767,True,False
val,surprise/ckplus_2532e79a56f6053f.png,surprise,ckplus,train,surprise/ckplus_863a5c7b33926623.png,surprise,ckplus,4,0.817,True,False
val,surprise/ckplus_2532e79a56f6053f.png,surprise,ckplus,train,surprise/ckplus_9e83367caa4c4d03.png,surprise,ckplus,4,0.818,True,False
val,surprise/ckplus_2532e79a56f6053f.png,surprise,ckplus,train,surprise/ckplus_c9da4a0eb8a7d544.png,surprise,ckplus,4,0.76,True,False
val,surprise/ckplus_2532e79a56f6053f.png,surprise,ckplus,train,surprise/ckplus_def87f783fd61021.png,surprise,ckplus,4,0.824,True,False
val,surprise/ckplus_26ccbb72620b51e9.png,surprise,ckplus,train,surprise/aug_ckplus_238d557836c91e8a.png,surprise,augmented,4,0.835,True,False
val,surprise/ckplus_2a146618639e8201.png,surprise,ckplus,train,surprise/aug_ckplus_adb840143d2698c6.png,surprise,augmented,4,0.777,True,False
val,surprise/ckplus_2a146618639e8201.png,surprise,ckplus,train,surprise/ckplus_92dbc55252bef9bd.png,surprise,ckplus,4,0.842,True,False
val,surprise/ckplus_46ffe762215635b5.png,surprise,ckplus,train,angry/aug_ckplus_79b606cedf4a4c93.png,angry,augmented,4,0.767,True,False
val,surprise/ckplus_46ffe762215635b5.png,surprise,ckplus,train,surprise/ckplus_0d4446e8a261aa99.png,surprise,ckplus,4,0.761,True,False
val,surprise/ckplus_46ffe762215635b5.png,surprise,ckplus,train,surprise/ckplus_241ffe40337a0a01.png,surprise,ckplus,4,0.733,True,False
val,surprise/ckplus_46ffe762215635b5.png,surprise,ckplus,train,surprise/ckplus_2af0df67dbf3f401.png,surprise,ckplus,4,0.736,True,False
val,surprise/ckplus_46ffe762215635b5.png,surprise,ckplus,train,surprise/ckplus_42bb4c8849b6c2de.png,surprise,ckplus,4,0.887,True,False
val,surprise/ckplus_46ffe762215635b5.png,surprise,ckplus,train,surprise/ckplus_54e3e95cc9b1634d.png,surprise,ckplus,4,0.768,True,False
val,surprise/ckplus_46ffe762215635b5.png,surprise,ckplus,train,surprise/ckplus_5e0572d83846d907.png,surprise,ckplus,4,0.768,True,False
val,surprise/ckplus_46ffe762215635b5.png,surprise,ckplus,train,surprise/ckplus_863a5c7b33926623.png,surprise,ckplus,4,0.817,True,False
val,surprise/ckplus_46ffe762215635b5.png,surprise,ckplus,train,surprise/ckplus_9e83367caa4c4d03.png,surprise,ckplus,4,0.819,True,False
val,surprise/ckplus_46ffe762215635b5.png,surprise,ckplus,train,surprise/ckplus_c9da4a0eb8a7d544.png,surprise,ckplus,4,0.765,True,False
val,surprise/ckplus_46ffe762215635b5.png,surprise,ckplus,train,surprise/ckplus_def87f783fd61021.png,surprise,ckplus,4,0.821,True,False
val,surprise/ckplus_4b8bdfd663911cf5.png,surprise,ckplus,train,disgust/ckplus_57255a56b0f80279.png,disgust,ckplus,4,0.748,True,False
val,surprise/ckplus_4b8bdfd663911cf5.png,surprise,ckplus,train,neutral/aug_local_95e6210454e1e19b.png,neutral,augmented,4,0.562,False,False
val,surprise/ckplus_4b8bdfd663911cf5.png,surprise,ckplus,train,sad/ckplus_2465707da82fd464.png,sad,ckplus,4,0.851,True,False
val,surprise/ckplus_4b8bdfd663911cf5.png,surprise,ckplus,train,surprise/aug_local_790502efd3c097dd.png,surprise,augmented,4,0.635,False,False
val,surprise/ckplus_4b8bdfd663911cf5.png,surprise,ckplus,train,surprise/ckplus_3339c7e4b09f12a8.png,surprise,ckplus,4,0.712,True,False
val,surprise/ckplus_4b8bdfd663911cf5.png,surprise,ckplus,train,surprise/ckplus_e4f895de20120ddf.png,surprise,ckplus,4,0.713,True,False
val,surprise/ckplus_4b8bdfd663911cf5.png,surprise,ckplus,train,surprise/local_238ffadd48beff9d.png,surprise,local,4,0.785,False,False
val,surprise/ckplus_588109191f0d55b2.png,surprise,ckplus,train,disgust/ckplus_0f10a66fa33943c2.png,disgust,ckplus,4,0.764,True,False
val,surprise/ckplus_588109191f0d55b2.png,surprise,ckplus,train,happy/aug_rafdb_e8df500463ed8242.png,happy,augmented,4,0.609,False,False
val,surprise/ckplus_588109191f0d55b2.png,surprise,ckplus,train,surprise/ckplus_92dbc55252bef9bd.png,surprise,ckplus,4,0.844,True,False
val,surprise/ckplus_5b6e6bc4a0d5e7bf.png,surprise,ckplus,train,surprise/ckplus_c08df3ac8c603bb7.png,surprise,ckplus,4,0.808,True,False
val,surprise/ckplus_645b6554255b0f1e.png,surprise,ckplus,train,surprise/ckplus_17b368d30b66f4ba.png,surprise,ckplus,4,0.855,True,False
val,surprise/ckplus_645b6554255b0f1e.png,surprise,ckplus,train,surprise/ckplus_2488c144fc6511bd.png,surprise,ckplus,4,0.835,True,False
val,surprise/ckplus_645b6554255b0f1e.png,surprise,ckplus,train,surprise/ckplus_3420a200dbfcd91b.png,surprise,ckplus,4,0.856,True,False
val,surprise/ckplus_645b6554255b0f1e.png,surprise,ckplus,train,surprise/ckplus_4e48f2376801715f.png,surprise,ckplus,4,0.782,True,False
val,surprise/ckplus_645b6554255b0f1e.png,surprise,ckplus,train,surprise/ckplus_9ae3d8f3bdaa92a7.png,surprise,ckplus,4,0.595,True,False
val,surprise/ckplus_723e74d45dd692db.png,surprise,ckplus,train,surprise/ckplus_34902cdef7cdc90e.png,surprise,ckplus,4,0.726,True,False
val,surprise/ckplus_723e74d45dd692db.png,surprise,ckplus,train,surprise/ckplus_678775d1eba0a48c.png,surprise,ckplus,4,0.724,True,False
val,surprise/ckplus_723e74d45dd692db.png,surprise,ckplus,train,surprise/ckplus_797091979d4c6a89.png,surprise,ckplus,4,0.775,True,False
val,surprise/ckplus_723e74d45dd692db.png,surprise,ckplus,train,surprise/ckplus_d628a581c3740f87.png,surprise,ckplus,4,0.725,True,False
val,surprise/ckplus_83f207a6a8a784fa.png,surprise,ckplus,train,surprise/aug_ckplus_238d557836c91e8a.png,surprise,augmented,4,0.832,True,False
val,surprise/ckplus_94cad1ad0d430b03.png,surprise,ckplus,train,neutral/aug_rafdb_0681bbe3849cb8df.png,neutral,augmented,4,0.681,False,False
val,surprise/ckplus_95164c906476b69d.png,surprise,ckplus,train,fear/aug_affectnet_fcb3ad10e47e14b1.png,fear,augmented,4,0.71,False,False
val,surprise/ckplus_95164c906476b69d.png,surprise,ckplus,train,surprise/ckplus_797091979d4c6a89.png,surprise,ckplus,4,0.774,True,False
val,surprise/ckplus_95164c906476b69d.png,surprise,ckplus,train,surprise/ckplus_a1ae2216ab83b2d8.png,surprise,ckplus,4,0.861,True,False
val,surprise/ckplus_95164c906476b69d.png,surprise,ckplus,train,surprise/ckplus_b7e3678abd9d825b.png,surprise,ckplus,4,0.862,True,False
val,surprise/ckplus_95164c906476b69d.png,surprise,ckplus,train,surprise/ckplus_d3d4fea29a3ff1ae.png,surprise,ckplus,4,0.659,True,False
val,surprise/ckplus_95164c906476b69d.png,surprise,ckplus,train,surprise/ckplus_da0243cbbd9e5972.png,surprise,ckplus,4,0.865,True,False
val,surprise/ckplus_9b06b0e81d7cd8f5.png,surprise,ckplus,train,surprise/aug_ckplus_238d557836c91e8a.png,surprise,augmented,4,0.842,True,False
val,surprise/ckplus_a2d2d15ef2344a36.png,surprise,ckplus,train,angry/aug_ckplus_79b606cedf4a4c93.png,angry,augmented,4,0.767,True,False
val,surprise/ckplus_a2d2d15ef2344a36.png,surprise,ckplus,train,surprise/ckplus_0d4446e8a261aa99.png,surprise,ckplus,4,0.759,True,False
val,surprise/ckplus_a2d2d15ef2344a36.png,surprise,ckplus,train,surprise/ckplus_241ffe40337a0a01.png,surprise,ckplus,4,0.737,True,False
val,surprise/ckplus_a2d2d15ef2344a36.png,surprise,ckplus,train,surprise/ckplus_2af0df67dbf3f401.png,surprise,ckplus,4,0.74,True,False
val,surprise/ckplus_a2d2d15ef2344a36.png,surprise,ckplus,train,surprise/ckplus_42bb4c8849b6c2de.png,surprise,ckplus,4,0.879,True,False
val,surprise/ckplus_a2d2d15ef2344a36.png,surprise,ckplus,train,surprise/ckplus_54e3e95cc9b1634d.png,surprise,ckplus,4,0.763,True,False
val,surprise/ckplus_a2d2d15ef2344a36.png,surprise,ckplus,train,surprise/ckplus_5e0572d83846d907.png,surprise,ckplus,4,0.768,True,False
val,surprise/ckplus_a2d2d15ef2344a36.png,surprise,ckplus,train,surprise/ckplus_863a5c7b33926623.png,surprise,ckplus,4,0.812,True,False
val,surprise/ckplus_a2d2d15ef2344a36.png,surprise,ckplus,train,surprise/ckplus_9e83367caa4c4d03.png,surprise,ckplus,4,0.813,True,False
val,surprise/ckplus_a2d2d15ef2344a36.png,surprise,ckplus,train,surprise/ckplus_c9da4a0eb8a7d544.png,surprise,ckplus,4,0.754,True,False
val,surprise/ckplus_a2d2d15ef2344a36.png,surprise,ckplus,train,surprise/ckplus_def87f783fd61021.png,surprise,ckplus,4,0.824,True,False
val,surprise/ckplus_a4b7a4d9a5d06f7f.png,surprise,ckplus,train,angry/aug_ckplus_79b606cedf4a4c93.png,angry,augmented,4,0.795,True,False
val,surprise/ckplus_a4b7a4d9a5d06f7f.png,surprise,ckplus,train,surprise/aug_local_790502efd3c097dd.png,surprise,augmented,4,0.61,False,False
val,surprise/ckplus_a4b7a4d9a5d06f7f.png,surprise,ckplus,train,surprise/ckplus_2af0df67dbf3f401.png,surprise,ckplus,4,0.784,True,False
val,surprise/ckplus_a4b7a4d9a5d06f7f.png,surprise,ckplus,train,surprise/ckplus_4e89c9d23c22ba5d.png,surprise,ckplus,4,0.805,True,False
val,surprise/ckplus_a4b7a4d9a5d06f7f.png,surprise,ckplus,train,surprise/ckplus_5e0572d83846d907.png,surprise,ckplus,4,0.766,True,False
val,surprise/ckplus_a4b7a4d9a5d06f7f.png,surprise,ckplus,train,surprise/ckplus_826973f4bf3907f0.png,surprise,ckplus,4,0.706,True,False
val,surprise/ckplus_a4b7a4d9a5d06f7f.png,surprise,ckplus,train,surprise/ckplus_9e2dbb3fb6ef9d86.png,surprise,ckplus,4,0.894,True,False
val,surprise/ckplus_a4b7a4d9a5d06f7f.png,surprise,ckplus,train,surprise/local_238ffadd48beff9d.png,surprise,local,4,0.773,False,False
val,surprise/ckplus_b8236139b20c22ff.png,surprise,ckplus,train,surprise/ckplus_42bb4c8849b6c2de.png,surprise,ckplus,4,0.855,True,False
val,surprise/ckplus_b8236139b20c22ff.png,surprise,ckplus,train,surprise/ckplus_7af17020ea8bacc9.png,surprise,ckplus,4,0.6,True,False
val,surprise/ckplus_b8236139b20c22ff.png,surprise,ckplus,train,surprise/ckplus_ba40383c3d39d263.png,surprise,ckplus,4,0.59,True,False
val,surprise/ckplus_b8bf3843d601611b.png,surprise,ckplus,train,surprise/ckplus_241ffe40337a0a01.png,surprise,ckplus,4,0.804,True,False
val,surprise/ckplus_b8bf3843d601611b.png,surprise,ckplus,train,surprise/ckplus_2943d0e8bdbdbde5.png,surprise,ckplus,4,0.776,True,False
val,surprise/ckplus_b8bf3843d601611b.png,surprise,ckplus,train,surprise/ckplus_9e6a068cad2007e6.png,surprise,ckplus,4,0.841,True,False
val,surprise/ckplus_b8bf3843d601611b.png,surprise,ckplus,train,surprise/ckplus_aceba7aa033202da.png,surprise,ckplus,4,0.781,True,False
val,surprise/ckplus_b8bf3843d601611b.png,surprise,ckplus,train,surprise/ckplus_c999e8e6fbf04503.png,surprise,ckplus,4,0.789,True,False
val,surprise/ckplus_c23218d29f046b4d.png,surprise,ckplus,train,surprise/ckplus_3b5e44e07f4fe3c1.png,surprise,ckplus,4,0.799,True,False
val,surprise/ckplus_c23218d29f046b4d.png,surprise,ckplus,train,surprise/ckplus_b99d5e053d579193.png,surprise,ckplus,4,0.859,True,False
val,surprise/ckplus_d2dcc01cf6067e5d.png,surprise,ckplus,train,angry/ckplus_ccf1b5f64f189068.png,angry,ckplus,4,0.804,True,False
val,surprise/ckplus_d2dcc01cf6067e5d.png,surprise,ckplus,train,angry/ckplus_d1536ba45304af32.png,angry,ckplus,4,0.792,True,False
val,surprise/ckplus_d2dcc01cf6067e5d.png,surprise,ckplus,train,surprise/ckplus_241ffe40337a0a01.png,surprise,ckplus,4,0.824,True,False
val,surprise/ckplus_d2dcc01cf6067e5d.png,surprise,ckplus,train,surprise/ckplus_84cefd842fd1c538.png,surprise,ckplus,4,0.785,True,False
val,surprise/ckplus_d2dcc01cf6067e5d.png,surprise,ckplus,train,surprise/ckplus_92d221817b50a3ab.png,surprise,ckplus,4,0.784,True,False
val,surprise/ckplus_e9394851fbd1ffd9.png,surprise,ckplus,train,angry/aug_ckplus_79b606cedf4a4c93.png,angry,augmented,4,0.806,True,False
val,surprise/ckplus_e9394851fbd1ffd9.png,surprise,ckplus,train,surprise/aug_local_790502efd3c097dd.png,surprise,augmented,4,0.625,False,False
val,surprise/ckplus_e9394851fbd1ffd9.png,surprise,ckplus,train,surprise/ckplus_2af0df67dbf3f401.png,surprise,ckplus,4,0.79,True,False
val,surprise/ckplus_e9394851fbd1ffd9.png,surprise,ckplus,train,surprise/ckplus_4e89c9d23c22ba5d.png,surprise,ckplus,4,0.81,True,False
val,surprise/ckplus_e9394851fbd1ffd9.png,surprise,ckplus,train,surprise/ckplus_5e0572d83846d907.png,surprise,ckplus,4,0.777,True,False
val,surprise/ckplus_e9394851fbd1ffd9.png,surprise,ckplus,train,surprise/ckplus_826973f4bf3907f0.png,surprise,ckplus,4,0.708,True,False
val,surprise/ckplus_e9394851fbd1ffd9.png,surprise,ckplus,train,surprise/ckplus_9e2dbb3fb6ef9d86.png,surprise,ckplus,4,0.89,True,False
val,surprise/ckplus_e9394851fbd1ffd9.png,surprise,ckplus,train,surprise/local_238ffadd48beff9d.png,surprise,local,4,0.783,False,False
val,surprise/ckplus_e947a5aae4492746.png,surprise,ckplus,train,surprise/local_6fb6ddc515d81823.png,surprise,local,4,0.742,False,False
val,surprise/ckplus_ff6cc47433994cc9.png,surprise,ckplus,train,disgust/affectnet_e5b9ab3b6b13e4ac.png,disgust,affectnet,4,0.699,False,False
val,surprise/ckplus_ff6cc47433994cc9.png,surprise,ckplus,train,happy/aug_rafdb_e8df500463ed8242.png,happy,augmented,4,0.615,False,False
val,surprise/ckplus_ff6cc47433994cc9.png,surprise,ckplus,train,neutral/aug_rafdb_0681bbe3849cb8df.png,neutral,augmented,4,0.688,False,False
val,surprise/local_1ac25b90856a1503.png,surprise,local,train,disgust/aug_ckplus_cb9415c9eb778ee1.png,disgust,augmented,4,0.645,False,False
val,surprise/local_1ac25b90856a1503.png,surprise,local,train,disgust/aug_local_efd9ab9472f95126.png,disgust,augmented,4,0.567,False,False
val,surprise/local_1ac25b90856a1503.png,surprise,local,train,surprise/ckplus_3339c7e4b09f12a8.png,surprise,ckplus,4,0.694,False,False
val,surprise/local_1ac25b90856a1503.png,surprise,local,train,surprise/ckplus_812a04612983235f.png,surprise,ckplus,4,0.706,False,False
val,surprise/local_1ac25b90856a1503.png,surprise,local,train,surprise/ckplus_c375289a1cb314b9.png,surprise,ckplus,4,0.705,False,False
val,surprise/local_1ac25b90856a1503.png,surprise,local,train,surprise/ckplus_d1dbba5d5d57cd02.png,surprise,ckplus,4,0.705,False,False
val,surprise/local_1ac25b90856a1503.png,surprise,local,train,surprise/ckplus_e4f895de20120ddf.png,surprise,ckplus,4,0.691,False,False
val,surprise/local_1ac25b90856a1503.png,surprise,local,train,surprise/local_8e7dbd6e28968ff4.png,surprise,local,4,0.666,False,False
val,surprise/local_2f1bd30c8c820078.png,surprise,local,train,fear/local_a72c5831eb360543.png,fear,local,4,0.692,False,False
val,surprise/local_2f1bd30c8c820078.png,surprise,local,train,fear/local_cb176c4521a59ab4.png,fear,local,4,0.639,False,False
val,surprise/local_2f1bd30c8c820078.png,surprise,local,train,surprise/aug_ckplus_6e835e9a843dc4cb.png,surprise,augmented,4,0.63,False,False
val,surprise/local_2f1bd30c8c820078.png,surprise,local,train,surprise/local_d66ba84e903e55dc.png,surprise,local,4,0.685,False,False
val,surprise/local_2f1bd30c8c820078.png,surprise,local,train,surprise/local_d970374d588096cd.png,surprise,local,4,0.711,False,False
val,surprise/local_43d4d8ca170c6eff.png,surprise,local,train,angry/aug_local_b47bcb006307375c.png,angry,augmented,4,0.608,False,False
val,surprise/local_62a9d45594bbcf1d.png,surprise,local,train,disgust/aug_affectnet_894dfcee2460318a.png,disgust,augmented,4,0.775,False,False
val,surprise/local_62a9d45594bbcf1d.png,surprise,local,train,surprise/aug_local_a1d7abd96bb0b67c.png,surprise,augmented,4,0.733,False,False
val,surprise/local_62a9d45594bbcf1d.png,surprise,local,train,surprise/rafdb_d4f4dd909b0ac330.png,surprise,rafdb,4,0.784,False,False
val,surprise/local_6774f0227a0f3877.png,surprise,local,train,happy/aug_rafdb_a346d6063bfc5933.png,happy,augmented,4,0.597,False,False
val,surprise/local_6774f0227a0f3877.png,surprise,local,train,surprise/ckplus_3c2a76a995c47d24.png,surprise,ckplus,4,0.644,False,False
val,surprise/local_b7e00e21e165588f.png,surprise,local,train,angry/aug_local_e9648bb5b2162b7c.png,angry,augmented,4,0.801,False,False
val,surprise/local_b7e00e21e165588f.png,surprise,local,train,angry/local_e9648bb5b2162b7c.png,angry,local,4,0.802,False,False
val,surprise/local_dbd096163ae52088.png,surprise,local,train,sad/aug_rafdb_487e314328d2b418.png,sad,augmented,4,0.566,False,False
val,surprise/local_dbd096163ae52088.png,surprise,local,train,sad/local_f054ee447cb5ccb9.png,sad,local,4,0.567,False,False
val,surprise/local_e149ff542c96ccb2.png,surprise,local,train,angry/local_1742ab1856ed18ba.png,angry,local,4,0.658,False,False
val,surprise/local_e7a96634f5761452.png,surprise,local,train,surprise/ckplus_1bb85da7b5f3217d.png,surprise,ckplus,4,0.755,False,False
val,surprise/local_e7a96634f5761452.png,surprise,local,train,surprise/ckplus_797091979d4c6a89.png,surprise,ckplus,4,0.756,False,False
val,surprise/rafdb_131d5c076816f908.png,surprise,rafdb,train,angry/aug_local_535687984ddf15ec.png,angry,augmented,4,0.569,False,False
val,surprise/rafdb_131d5c076816f908.png,surprise,rafdb,train,disgust/ckplus_d28cd2b5ff69225d.png,disgust,ckplus,4,0.608,False,False
val,surprise/rafdb_131d5c076816f908.png,surprise,rafdb,train,disgust/ckplus_e4172593ff47b43c.png,disgust,ckplus,4,0.603,False,False
val,surprise/rafdb_131d5c076816f908.png,surprise,rafdb,train,disgust/ckplus_e6650dd9155f0ba8.png,disgust,ckplus,4,0.598,False,False
val,surprise/rafdb_131d5c076816f908.png,surprise,rafdb,train,neutral/aug_rafdb_f35c9d1861d855f8.png,neutral,augmented,4,0.443,False,False
val,surprise/rafdb_1b1a135e4a7be60c.png,surprise,rafdb,train,disgust/rafdb_ce6361affeb1590f.png,disgust,rafdb,4,0.619,False,False
val,surprise/rafdb_1b1a135e4a7be60c.png,surprise,rafdb,train,surprise/rafdb_717d8b58a8d71330.png,surprise,rafdb,4,0.651,False,False
val,surprise/rafdb_1c94a47931504eaa.png,surprise,rafdb,train,fear/local_4e4848f0f3e49a13.png,fear,local,4,0.486,False,False
val,surprise/rafdb_1c94a47931504eaa.png,surprise,rafdb,train,sad/rafdb_5f674c485b439f4a.png,sad,rafdb,4,0.686,False,False
val,surprise/rafdb_1c94a47931504eaa.png,surprise,rafdb,train,surprise/rafdb_ac1a54e3dbbe9f47.png,surprise,rafdb,4,0.691,False,False
val,surprise/rafdb_216d5988f3b9d5be.png,surprise,rafdb,train,angry/ckplus_6d697e356ee97dc0.png,angry,ckplus,4,0.488,False,False
val,surprise/rafdb_216d5988f3b9d5be.png,surprise,rafdb,train,angry/ckplus_b7e7d9a398b08921.png,angry,ckplus,4,0.489,False,False
val,surprise/rafdb_216d5988f3b9d5be.png,surprise,rafdb,train,angry/ckplus_c453fe35c7115234.png,angry,ckplus,4,0.487,False,False
val,surprise/rafdb_31cb7f0c669cfdd5.png,surprise,rafdb,train,happy/aug_rafdb_3ebe26e6b91aee1d.png,happy,augmented,4,0.837,False,False
val,surprise/rafdb_31cb7f0c669cfdd5.png,surprise,rafdb,train,happy/rafdb_3ebe26e6b91aee1d.png,happy,rafdb,4,0.816,False,False
val,surprise/rafdb_33e1398ed810f820.png,surprise,rafdb,train,disgust/ckplus_787e324fba52d1c0.png,disgust,ckplus,4,0.626,False,False
val,surprise/rafdb_33e1398ed810f820.png,surprise,rafdb,train,fear/local_2ac557ed4bc6cb36.png,fear,local,4,0.53,False,False
val,surprise/rafdb_33e1398ed810f820.png,surprise,rafdb,train,neutral/local_acbf03fa9d135fcb.png,neutral,local,4,0.733,False,False
val,surprise/rafdb_33e1398ed810f820.png,surprise,rafdb,train,surprise/rafdb_69d4449c4db8f2a5.png,surprise,rafdb,4,0.722,False,False
val,surprise/rafdb_33e1398ed810f820.png,surprise,rafdb,train,surprise/rafdb_717d8b58a8d71330.png,surprise,rafdb,4,0.825,False,False
val,surprise/rafdb_33e1398ed810f820.png,surprise,rafdb,train,surprise/rafdb_8dd9f3fe1067fa3a.png,surprise,rafdb,4,0.711,False,False
val,surprise/rafdb_3a27a7cc84cbea15.png,surprise,rafdb,train,angry/rafdb_7ae273da668e77d7.png,angry,rafdb,4,0.598,False,False
val,surprise/rafdb_3a27a7cc84cbea15.png,surprise,rafdb,train,happy/rafdb_306eed2cd5ae6150.png,happy,rafdb,4,0.636,False,False
val,surprise/rafdb_3a27a7cc84cbea15.png,surprise,rafdb,train,happy/rafdb_4fe926d43456133f.png,happy,rafdb,4,0.708,False,False
val,surprise/rafdb_3a27a7cc84cbea15.png,surprise,rafdb,train,happy/rafdb_69fe22e1cc72c77e.png,happy,rafdb,4,0.634,False,False
val,surprise/rafdb_3a27a7cc84cbea15.png,surprise,rafdb,train,happy/rafdb_918a1f18046d475b.png,happy,rafdb,4,0.571,False,False
val,surprise/rafdb_3a27a7cc84cbea15.png,surprise,rafdb,train,happy/rafdb_adb53809da8cb1e0.png,happy,rafdb,4,0.65,False,False
val,surprise/rafdb_3a27a7cc84cbea15.png,surprise,rafdb,train,surprise/rafdb_7e17012c1138bae9.png,surprise,rafdb,4,0.493,False,False
val,surprise/rafdb_3b5f2cfe54df0573.png,surprise,rafdb,train,neutral/local_e8c6ff8cf199e97d.png,neutral,local,4,0.572,False,False
val,surprise/rafdb_63d9bbf9b2078922.png,surprise,rafdb,train,happy/rafdb_e8c6a48a60b9bd49.png,happy,rafdb,4,0.562,False,False
val,surprise/rafdb_675075ec858e9a97.png,surprise,rafdb,train,surprise/aug_rafdb_3c623f3ec2bca522.png,surprise,augmented,4,0.689,False,False
val,surprise/rafdb_675075ec858e9a97.png,surprise,rafdb,train,surprise/aug_rafdb_4da769b74e70e392.png,surprise,augmented,4,0.569,False,False
val,surprise/rafdb_725584a92add2df5.png,surprise,rafdb,train,happy/aug_rafdb_0f58a4a965d074d0.png,happy,augmented,4,0.585,False,False
val,surprise/rafdb_900ac70bd06129e1.png,surprise,rafdb,train,disgust/aug_rafdb_a7f701299f907043.png,disgust,augmented,4,0.757,False,False
val,surprise/rafdb_900ac70bd06129e1.png,surprise,rafdb,train,happy/aug_rafdb_f8273019a1bed033.png,happy,augmented,4,0.718,False,False
val,surprise/rafdb_900ac70bd06129e1.png,surprise,rafdb,train,neutral/local_ef41f24d25838af2.png,neutral,local,4,0.682,False,False
val,surprise/rafdb_94cbc1bf761c8de9.png,surprise,rafdb,train,surprise/rafdb_36f4e1b81d35cde3.png,surprise,rafdb,4,0.713,False,False
val,surprise/rafdb_9ad81f772842b193.png,surprise,rafdb,train,angry/local_22d1b5c77cb13c21.png,angry,local,4,0.608,False,False
val,surprise/rafdb_aff36271ace75b0c.png,surprise,rafdb,train,angry/local_60b01b5858af2d90.png,angry,local,4,0.488,False,False
val,surprise/rafdb_aff36271ace75b0c.png,surprise,rafdb,train,surprise/local_2029bab0687f81e3.png,surprise,local,4,0.373,False,False
val,surprise/rafdb_b541beac58223047.png,surprise,rafdb,train,disgust/aug_rafdb_a7f701299f907043.png,disgust,augmented,4,0.597,False,False
val,surprise/rafdb_b541beac58223047.png,surprise,rafdb,train,happy/aug_rafdb_0f58a4a965d074d0.png,happy,augmented,4,0.73,False,False
val,surprise/rafdb_b541beac58223047.png,surprise,rafdb,train,happy/rafdb_8510ebe9866c5aad.png,happy,rafdb,4,0.573,False,False
val,surprise/rafdb_b541beac58223047.png,surprise,rafdb,train,happy/rafdb_9a465042f3213680.png,happy,rafdb,4,0.588,False,False
val,surprise/rafdb_b541beac58223047.png,surprise,rafdb,train,happy/rafdb_e8c6a48a60b9bd49.png,happy,rafdb,4,0.661,False,False
val,surprise/rafdb_b541beac58223047.png,surprise,rafdb,train,neutral/local_48a3dd84ef402503.png,neutral,local,4,0.6,False,False
val,surprise/rafdb_b541beac58223047.png,surprise,rafdb,train,surprise/aug_rafdb_558e6a32f63fd55f.png,surprise,augmented,4,0.67,False,False
val,surprise/rafdb_b541beac58223047.png,surprise,rafdb,train,surprise/rafdb_a14360aca594e2e2.png,surprise,rafdb,4,0.599,False,False
val,surprise/rafdb_b541beac58223047.png,surprise,rafdb,train,surprise/rafdb_c232f9a011acc591.png,surprise,rafdb,4,0.642,False,False
val,surprise/rafdb_bc6b079c0ad2ba98.png,surprise,rafdb,train,happy/rafdb_033f3b83990a6dea.png,happy,rafdb,4,0.698,False,False
val,surprise/rafdb_bc6b079c0ad2ba98.png,surprise,rafdb,train,happy/rafdb_740c63d8ea73395b.png,happy,rafdb,4,0.732,False,False
val,surprise/rafdb_bc6b079c0ad2ba98.png,surprise,rafdb,train,neutral/aug_local_909827895303e044.png,neutral,augmented,4,0.511,False,False
val,surprise/rafdb_bc6b079c0ad2ba98.png,surprise,rafdb,train,surprise/local_21416166ba82487c.png,surprise,local,4,0.646,False,False
val,surprise/rafdb_da1e96e440b44285.png,surprise,rafdb,train,surprise/rafdb_9c7ec354823c1ea7.png,surprise,rafdb,4,0.668,False,False
val,surprise/rafdb_de3a7a5ed5089fb7.png,surprise,rafdb,train,angry/aug_local_79734d33903bde6b.png,angry,augmented,4,0.638,False,False
val,surprise/rafdb_de3a7a5ed5089fb7.png,surprise,rafdb,train,happy/aug_rafdb_059025d46ed9fdf4.png,happy,augmented,4,0.63,False,False
val,surprise/rafdb_de3a7a5ed5089fb7.png,surprise,rafdb,train,happy/rafdb_c65477f6438623b2.png,happy,rafdb,4,0.723,False,False
val,surprise/rafdb_de3a7a5ed5089fb7.png,surprise,rafdb,train,happy/rafdb_c6f9f360b86dea9e.png,happy,rafdb,4,0.677,False,False
